{
	"credit": "Made with Blockbench",
	"parent": "block/thin_block",
	"textures": {
		"0": "block/acacia_planks",
		"1": "block/oak_planks",
		"particle": "block/acacia_planks"
	},
	"elements": [
		{
			"name": "frame",
			"from": [0, 0, 0],
			"to": [16, 3, 3],
			"faces": {
				"north": {"uv": [16, 13, 0, 16], "texture": "#1", "cullface": "north"},
				"east": {"uv": [13, 13, 16, 16], "texture": "#1", "cullface": "east"},
				"west": {"uv": [0, 13, 3, 16], "texture": "#1", "cullface": "west"},
				"up": {"uv": [0, 0, 16, 3], "texture": "#1"},
				"down": {"uv": [0, 13, 16, 16], "texture": "#1", "cullface": "down"}
			}
		},
		{
			"name": "frame",
			"from": [0, 0, 3],
			"to": [3, 3, 16],
			"faces": {
				"south": {"uv": [0, 13, 3, 16], "texture": "#1", "cullface": "south"},
				"west": {"uv": [3, 13, 16, 16], "texture": "#1", "cullface": "west"},
				"up": {"uv": [0, 3, 3, 16], "texture": "#1"},
				"down": {"uv": [0, 0, 3, 13], "texture": "#1", "cullface": "down"}
			}
		},
		{
			"name": "frame",
			"from": [13, 0, 3],
			"to": [16, 3, 16],
			"faces": {
				"east": {"uv": [0, 13, 13, 16], "texture": "#1", "cullface": "east"},
				"south": {"uv": [13, 13, 16, 16], "texture": "#1", "cullface": "south"},
				"up": {"uv": [13, 3, 16, 16], "texture": "#1"},
				"down": {"uv": [13, 0, 16, 13], "texture": "#1", "cullface": "down"}
			}
		},
		{
			"name": "frame",
			"from": [3, 0, 13],
			"to": [13, 3, 16],
			"faces": {
				"south": {"uv": [3, 13, 13, 16], "texture": "#1", "cullface": "south"},
				"up": {"uv": [3, 13, 13, 16], "texture": "#1"},
				"down": {"uv": [3, 0, 13, 3], "texture": "#1", "cullface": "down"}
			}
		},
		{
			"from": [3, 0, 3],
			"to": [13, 3, 5],
			"faces": {
				"up": {"uv": [3, 3, 13, 5], "texture": "#0"},
				"down": {"uv": [3, 11, 13, 13], "texture": "#0", "cullface": "down"}
			}
		},
		{
			"from": [3, 0, 5],
			"to": [6, 3, 9],
			"faces": {
				"up": {"uv": [3, 5, 6, 9], "texture": "#0"},
				"down": {"uv": [3, 7, 6, 11], "texture": "#0", "cullface": "down"}
			}
		},
		{
			"from": [10, 0, 5],
			"to": [13, 3, 9],
			"faces": {
				"up": {"uv": [10, 5, 13, 9], "texture": "#0"},
				"down": {"uv": [10, 7, 13, 11], "texture": "#0", "cullface": "down"}
			}
		},
		{
			"from": [3, 0, 9],
			"to": [5, 3, 11],
			"faces": {
				"up": {"uv": [3, 9, 5, 11], "texture": "#0"},
				"down": {"uv": [3, 5, 5, 7], "texture": "#0", "cullface": "down"}
			}
		},
		{
			"from": [7, 0, 9],
			"to": [9, 3, 11],
			"faces": {
				"up": {"uv": [7, 9, 9, 11], "texture": "#0"},
				"down": {"uv": [7, 5, 9, 7], "texture": "#0", "cullface": "down"}
			}
		},
		{
			"from": [11, 0, 9],
			"to": [13, 3, 11],
			"faces": {
				"up": {"uv": [11, 9, 13, 11], "texture": "#0"},
				"down": {"uv": [11, 5, 13, 7], "texture": "#0", "cullface": "down"}
			}
		},
		{
			"from": [3, 0, 11],
			"to": [13, 3, 13],
			"faces": {
				"up": {"uv": [3, 11, 13, 13], "texture": "#0"},
				"down": {"uv": [3, 3, 13, 5], "texture": "#0", "cullface": "down"}
			}
		},
		{
			"from": [7, 0, 5],
			"to": [9, 3, 6],
			"faces": {
				"up": {"uv": [7, 5, 9, 6], "texture": "#0"},
				"down": {"uv": [7, 10, 9, 11], "texture": "#0", "cullface": "down"}
			}
		},
		{
			"from": [6, 0, 8],
			"to": [7, 3, 9],
			"faces": {
				"up": {"uv": [6, 8, 7, 9], "texture": "#0"},
				"down": {"uv": [6, 7, 7, 8], "texture": "#0", "cullface": "down"}
			}
		},
		{
			"from": [9, 0, 8],
			"to": [10, 3, 9],
			"faces": {
				"up": {"uv": [9, 8, 10, 9], "texture": "#0"},
				"down": {"uv": [9, 7, 10, 8], "texture": "#0", "cullface": "down"}
			}
		},
		{
			"name": "handle",
			"from": [6, 4, 1],
			"to": [10, 4, 2],
			"faces": {
				"up": {"uv": [6, 1, 10, 2], "texture": "#0"},
				"down": {"uv": [6, 14, 10, 15], "texture": "#0"}
			}
		},
		{
			"name": "handle",
			"from": [6, -1, 1],
			"to": [10, -1, 2],
			"faces": {
				"up": {"uv": [6, 1, 10, 2], "texture": "#0", "cullface": "down"},
				"down": {"uv": [6, 14, 10, 15], "texture": "#0", "cullface": "down"}
			}
		},
		{
			"name": "handle",
			"from": [10, -1, 1],
			"to": [10, 4, 2],
			"faces": {
				"east": {"uv": [14, 11, 15, 16], "texture": "#0"},
				"west": {"uv": [1, 11, 2, 16], "texture": "#0"}
			}
		},
		{
			"name": "handle",
			"from": [6, -1, 1],
			"to": [6, 4, 2],
			"faces": {
				"east": {"uv": [14, 11, 15, 16], "texture": "#0"},
				"west": {"uv": [1, 11, 2, 16], "texture": "#0"}
			}
		}
	],
	"display": {
		"thirdperson_righthand": {
			"rotation": [75, 45, 0],
			"translation": [0, 2.5, 2],
			"scale": [0.375, 0.375, 0.375]
		},
		"firstperson_righthand": {
			"rotation": [0, 45, 0],
			"translation": [0, 4.2, 0],
			"scale": [0.4, 0.4, 0.4]
		},
		"firstperson_lefthand": {
			"rotation": [0, -135, 0],
			"translation": [0, 4.2, 0],
			"scale": [0.4, 0.4, 0.4]
		}
	},
	"groups": [
		{
			"name": "frame",
			"origin": [8, 8, 8],
			"color": 0,
			"nbt": "{}",
			"children": [0, 1, 2, 3]
		},
		{
			"name": "creeper",
			"origin": [0, 0, 0],
			"color": 0,
			"nbt": "{}",
			"children": [4, 5, 6, 7, 8, 9, 10, 11, 12, 13]
		},
		{
			"name": "handle",
			"origin": [0, 0, 0],
			"color": 0,
			"nbt": "{}",
			"children": [14, 15, 16, 17]
		}
	]
}