{
	"credit": "Made with Blockbench",
	"parent": "block/cube_all",
	"textures": {
		"particle": "block/oak_planks",
		"base": "block/oak_planks"
	},
	"elements": [
		{
			"name": "Base",
			"from": [2, 0, 2],
			"to": [14, 2, 14],
			"rotation": {"angle": 0, "axis": "y", "origin": [8, 8, 8]},
			"faces": {
				"north": {"uv": [2, 14, 14, 16], "texture": "#base"},
				"east": {"uv": [2, 14, 14, 16], "texture": "#base"},
				"south": {"uv": [2, 14, 14, 16], "texture": "#base"},
				"west": {"uv": [2, 14, 14, 16], "texture": "#base"},
				"up": {"uv": [2, 2, 14, 14], "texture": "#base"},
				"down": {"uv": [2, 2, 14, 14], "texture": "#base", "cullface": "down"}
			}
		},
		{
			"name": "Top",
			"from": [2, 14, 2],
			"to": [14, 16, 14],
			"rotation": {"angle": 0, "axis": "y", "origin": [8, 8, 8]},
			"faces": {
				"north": {"uv": [2, 0, 14, 2], "texture": "#base"},
				"east": {"uv": [2, 0, 14, 2], "texture": "#base"},
				"south": {"uv": [2, 0, 14, 2], "texture": "#base"},
				"west": {"uv": [2, 0, 14, 2], "texture": "#base"},
				"up": {"uv": [2, 2, 14, 14], "texture": "#base", "cullface": "up"},
				"down": {"uv": [2, 2, 14, 14], "texture": "#base"}
			}
		},
		{
			"name": "Column",
			"from": [4, 2, 4],
			"to": [12, 14, 12],
			"rotation": {"angle": -45, "axis": "y", "origin": [8, 8, 8]},
			"faces": {
				"north": {"uv": [4, 2, 12, 14], "texture": "#base"},
				"east": {"uv": [4, 2, 12, 14], "texture": "#base"},
				"south": {"uv": [4, 2, 12, 14], "texture": "#base"},
				"west": {"uv": [4, 2, 12, 14], "texture": "#base"}
			}
		},
		{
			"name": "Column",
			"from": [4, 2, 4],
			"to": [12, 14, 12],
			"rotation": {"angle": -45, "axis": "y", "origin": [8, 8, 8]},
			"faces": {
				"north": {"uv": [4, 2, 12, 14], "texture": "#base"},
				"east": {"uv": [4, 2, 12, 14], "texture": "#base"},
				"south": {"uv": [4, 2, 12, 14], "texture": "#base"},
				"west": {"uv": [4, 2, 12, 14], "texture": "#base"}
			}
		}
	],
	"display": {
		"thirdperson_righthand": {
			"rotation": [75, 45, 0],
			"translation": [0, 2, 0],
			"scale": [0.375, 0.375, 0.375]
		},
		"thirdperson_lefthand": {
			"rotation": [75, 45, 0],
			"translation": [0, 2, 0],
			"scale": [0.375, 0.375, 0.375]
		},
		"firstperson_righthand": {
			"rotation": [0, 45, 0],
			"scale": [0.4, 0.4, 0.4]
		},
		"firstperson_lefthand": {
			"rotation": [0, 225, 0],
			"scale": [0.4, 0.4, 0.4]
		},
		"ground": {
			"translation": [0, 3, 0],
			"scale": [0.25, 0.25, 0.25]
		},
		"gui": {
			"rotation": [30, 225, 0],
			"scale": [0.625, 0.625, 0.625]
		},
		"head": {
			"translation": [0, 14.5, 0]
		},
		"fixed": {
			"scale": [0.5, 0.5, 0.5]
		}
	}
}