{
	"credit": "Made with Blockbench",
	"parent": "minecraft:block/cube_all",
	"textures": {
		"particle": "block/oak_planks",
		"base": "block/oak_planks"
	},
	"elements": [
		{
			"name": "Base",
			"from": [2, 0, 2],
			"to": [14, 2, 14],
			"faces": {
				"north": {"uv": [2, 14, 14, 16], "texture": "#base"},
				"east": {"uv": [2, 14, 14, 16], "texture": "#base"},
				"south": {"uv": [2, 14, 14, 16], "texture": "#base"},
				"west": {"uv": [2, 14, 14, 16], "texture": "#base"},
				"up": {"uv": [2, 2, 14, 14], "texture": "#base"},
				"down": {"uv": [2, 2, 14, 14], "texture": "#base", "cullface": "down"}
			}
		},
		{
			"name": "Column",
			"from": [4, 2, 4],
			"to": [12, 16, 12],
			"rotation": {"angle": -45, "axis": "y", "origin": [8, 9, 8]},
			"faces": {
				"north": {"uv": [4, 0, 12, 14], "texture": "#base"},
				"east": {"uv": [4, 0, 12, 14], "texture": "#base"},
				"south": {"uv": [4, 0, 12, 14], "texture": "#base"},
				"west": {"uv": [4, 0, 12, 14], "texture": "#base"}
			}
		}
	]
}