{
	"credit": "Made with Blockbench",
	"parent": "block/cube_all",
	"textures": {
		"particle": "block/oak_planks",
		"base": "block/oak_planks"
	},
	"elements": [
		{
			"name": "Column",
			"from": [3, 0, 5],
			"to": [13, 16, 11],
			"faces": {
				"north": {"uv": [3, 0, 13, 16], "texture": "#base"},
				"east": {"uv": [5, 0, 11, 16], "texture": "#base"},
				"south": {"uv": [3, 0, 13, 16], "texture": "#base"},
				"west": {"uv": [5, 0, 11, 16], "texture": "#base"}
			}
		},
		{
			"name": "Column",
			"from": [5, 0, 3],
			"to": [11, 16, 13],
			"faces": {
				"north": {"uv": [5, 0, 11, 16], "texture": "#base"},
				"east": {"uv": [3, 0, 13, 16], "texture": "#base"},
				"south": {"uv": [5, 0, 11, 16], "texture": "#base"},
				"west": {"uv": [3, 0, 13, 16], "texture": "#base"}
			}
		}
	]
}