{
	"credit": "Made with Blockbench",
	"parent": "block/cube_all",
	"textures": {
		"particle": "block/oak_planks",
		"base": "block/oak_planks"
	},
	"elements": [
		{
			"name": "Base",
			"from": [2, 0, 2],
			"to": [14, 2, 14],
			"rotation": {"angle": 0, "axis": "y", "origin": [8, 8, 8]},
			"faces": {
				"north": {"uv": [2, 14, 14, 16], "texture": "#base"},
				"east": {"uv": [2, 14, 14, 16], "texture": "#base"},
				"south": {"uv": [2, 14, 14, 16], "texture": "#base"},
				"west": {"uv": [2, 14, 14, 16], "texture": "#base"},
				"up": {"uv": [2, 2, 14, 14], "texture": "#base"},
				"down": {"uv": [2, 2, 14, 14], "texture": "#base", "cullface": "down"}
			}
		},
		{
			"name": "Column",
			"from": [3, 2, 5],
			"to": [13, 16, 11],
			"faces": {
				"north": {"uv": [3, 0, 13, 14], "texture": "#base"},
				"east": {"uv": [5, 0, 11, 14], "texture": "#base"},
				"south": {"uv": [3, 0, 13, 14], "texture": "#base"},
				"west": {"uv": [5, 0, 11, 14], "texture": "#base"}
			}
		},
		{
			"name": "Column",
			"from": [5, 2, 3],
			"to": [11, 16, 13],
			"faces": {
				"north": {"uv": [5, 0, 11, 14], "texture": "#base"},
				"east": {"uv": [3, 0, 13, 14], "texture": "#base"},
				"south": {"uv": [5, 0, 11, 14], "texture": "#base"},
				"west": {"uv": [3, 0, 13, 14], "texture": "#base"}
			}
		}
	]
}