{
  "variants": {
    "facing=east,variant=blockrackempty": { "model": "minecolonies:block/blockrackemptydouble", "y": 0 },
    "facing=south,variant=blockrackempty": { "model": "minecolonies:block/blockrackemptydouble","y": 90 },
    "facing=west,variant=blockrackempty": { "model": "minecolonies:block/blockrackemptydouble", "y": 180 },
    "facing=north,variant=blockrackempty": { "model": "minecolonies:block/blockrackemptydouble","y": 270 },
    
    "facing=east,variant=blockrackfull": [
      { "model": "minecolonies:block/blockrackfulldouble", "y": 0 },
      { "model": "minecolonies:block/blockrackfulldouble_1", "y": 0 },
      { "model": "minecolonies:block/blockrackfulldouble_2", "y": 0 }
    ],
    "facing=south,variant=blockrackfull": [
      { "model": "minecolonies:block/blockrackfulldouble","y": 90 },
      { "model": "minecolonies:block/blockrackfulldouble_1","y": 90 },
      { "model": "minecolonies:block/blockrackfulldouble_2","y": 90 }
    ],
    "facing=west,variant=blockrackfull": [
      { "model": "minecolonies:block/blockrackfulldouble", "y": 180 },
      { "model": "minecolonies:block/blockrackfulldouble_1", "y": 180 },
      { "model": "minecolonies:block/blockrackfulldouble_2", "y": 180 }
    ],
    "facing=north,variant=blockrackfull": [
      { "model": "minecolonies:block/blockrackfulldouble","y": 270 },
      { "model": "minecolonies:block/blockrackfulldouble_1","y": 270 },
      { "model": "minecolonies:block/blockrackfulldouble_2","y": 270 }
    ],

    "facing=east,variant=blockrackemptysingle": { "model": "minecolonies:block/blockrackempty", "y": 0 },
    "facing=south,variant=blockrackemptysingle": { "model": "minecolonies:block/blockrackempty","y": 90 },
    "facing=west,variant=blockrackemptysingle": { "model": "minecolonies:block/blockrackempty", "y": 180 },
    "facing=north,variant=blockrackemptysingle": { "model": "minecolonies:block/blockrackempty","y": 270 },
    
    "facing=east,variant=blockrackfullsingle": [
      { "model": "minecolonies:block/blockrackfull", "y": 0 },
      { "model": "minecolonies:block/blockrackfull_1", "y": 0 },
      { "model": "minecolonies:block/blockrackfull_2", "y": 0 }
    ],
    "facing=south,variant=blockrackfullsingle": [
      { "model": "minecolonies:block/blockrackfull","y": 90 },
      { "model": "minecolonies:block/blockrackfull_1","y": 90 },
      { "model": "minecolonies:block/blockrackfull_2","y": 90 }
    ],
    "facing=west,variant=blockrackfullsingle": [
      { "model": "minecolonies:block/blockrackfull", "y": 180 },
      { "model": "minecolonies:block/blockrackfull_1", "y": 180 },
      { "model": "minecolonies:block/blockrackfull_2", "y": 180 }
    ],
    "facing=north,variant=blockrackfullsingle": [
      { "model": "minecolonies:block/blockrackfull","y": 270 },
      { "model": "minecolonies:block/blockrackfull_1","y": 270 },
      { "model": "minecolonies:block/blockrackfull_2","y": 270 }
    ],
    
    "facing=east,variant=blockrackair": { "model": "minecolonies:block/blockairrack","y": 180 },
    "facing=south,variant=blockrackair": { "model": "minecolonies:block/blockairrack","y": 90 },
    "facing=west,variant=blockrackair": { "model": "minecolonies:block/blockairrack","y": 0 },
    "facing=north,variant=blockrackair": { "model": "minecolonies:block/blockairrack","y": 270 }
  }
}
