{
	"credit": "Made with Blockbench",
	"ambientocclusion": false,
	"textures": {
		"0": "block/oak_planks",
		"particle": "block/oak_planks"
	},
	"elements": [
		{
			"from": [0, 0, 0],
			"to": [16, 3, 3],
			"rotation": {"angle": 0, "axis": "y", "origin": [8, 1.5, 8]},
			"faces": {
				"north": {"uv": [0, 13, 16, 16], "texture": "#0", "cullface": "north"},
				"east": {"uv": [13, 13, 16, 16], "texture": "#0", "cullface": "east"},
				"south": {"uv": [0, 13, 16, 16], "texture": "#0"},
				"west": {"uv": [0, 13, 3, 16], "texture": "#0", "cullface": "west"},
				"up": {"uv": [0, 0, 16, 3], "texture": "#0"},
				"down": {"uv": [0, 13, 16, 16], "texture": "#0", "cullface": "down"}
			}
		},
		{
			"from": [0, 0, 3],
			"to": [3, 3, 13],
			"rotation": {"angle": 0, "axis": "y", "origin": [8, 1.5, 8]},
			"faces": {
				"east": {"uv": [3, 13, 13, 16], "texture": "#0"},
				"west": {"uv": [3, 13, 13, 16], "texture": "#0", "cullface": "west"},
				"up": {"uv": [0, 3, 3, 13], "texture": "#0"},
				"down": {"uv": [0, 3, 3, 13], "texture": "#0", "cullface": "down"}
			}
		},
		{
			"from": [13, 0, 3],
			"to": [16, 3, 13],
			"rotation": {"angle": 0, "axis": "y", "origin": [8, 1.5, 8]},
			"faces": {
				"east": {"uv": [3, 13, 13, 16], "texture": "#0", "cullface": "east"},
				"west": {"uv": [3, 13, 13, 16], "texture": "#0"},
				"up": {"uv": [13, 3, 16, 13], "texture": "#0"},
				"down": {"uv": [13, 3, 16, 13], "texture": "#0", "cullface": "down"}
			}
		},
		{
			"from": [0, 0, 13],
			"to": [16, 3, 16],
			"rotation": {"angle": 0, "axis": "y", "origin": [8, 1.5, 8]},
			"faces": {
				"north": {"uv": [0, 13, 16, 16], "texture": "#0"},
				"east": {"uv": [0, 13, 3, 16], "texture": "#0", "cullface": "east"},
				"south": {"uv": [0, 13, 16, 16], "texture": "#0", "cullface": "south"},
				"west": {"uv": [13, 13, 16, 16], "texture": "#0", "cullface": "west"},
				"up": {"uv": [0, 13, 16, 16], "texture": "#0"},
				"down": {"uv": [0, 0, 16, 3], "texture": "#0", "cullface": "down"}
			}
		}
	],
	"groups": [
		{
			"name": "main",
			"origin": [8, 8, 8],
			"color": 0,
			"nbt": "{}",
			"children": [0, 1, 2, 3]
		}
	]
}