{
	"credit": "Made with Blockbench",
	"ambientocclusion": false,
	"textures": {
		"0": "block/oak_planks",
		"particle": "block/oak_planks"
	},
	"elements": [
		{
			"from": [0, 0, 2],
			"to": [16, 3, 4],
			"rotation": {"angle": 0, "axis": "y", "origin": [8, 1.5, 8]},
			"faces": {
				"north": {"uv": [0, 13, 16, 16], "texture": "#0"},
				"east": {"uv": [12, 13, 14, 16], "texture": "#0", "cullface": "east"},
				"south": {"uv": [0, 13, 16, 16], "texture": "#0"},
				"west": {"uv": [2, 13, 4, 16], "texture": "#0", "cullface": "west"},
				"up": {"uv": [0, 2, 16, 4], "texture": "#0"},
				"down": {"uv": [0, 0, 16, 2], "texture": "#0", "cullface": "down"}
			}
		},
		{
			"from": [0, 0, 7],
			"to": [16, 3, 9],
			"rotation": {"angle": 0, "axis": "y", "origin": [8, 1.5, 8]},
			"faces": {
				"north": {"uv": [0, 13, 16, 16], "texture": "#0"},
				"east": {"uv": [7, 13, 9, 16], "texture": "#0", "cullface": "east"},
				"south": {"uv": [0, 13, 16, 16], "texture": "#0"},
				"west": {"uv": [7, 13, 9, 16], "texture": "#0", "cullface": "west"},
				"up": {"uv": [0, 7, 16, 9], "texture": "#0"},
				"down": {"uv": [0, 0, 16, 2], "texture": "#0", "cullface": "down"}
			}
		},
		{
			"from": [0, 0, 12],
			"to": [16, 3, 14],
			"rotation": {"angle": 0, "axis": "y", "origin": [8, 1.5, 8]},
			"faces": {
				"north": {"uv": [0, 13, 16, 16], "texture": "#0"},
				"east": {"uv": [2, 13, 4, 16], "texture": "#0", "cullface": "east"},
				"south": {"uv": [0, 13, 16, 16], "texture": "#0"},
				"west": {"uv": [12, 13, 14, 16], "texture": "#0", "cullface": "west"},
				"up": {"uv": [0, 12, 16, 14], "texture": "#0"},
				"down": {"uv": [0, 0, 16, 2], "texture": "#0", "cullface": "down"}
			}
		},
		{
			"from": [11, 0.02, 0],
			"to": [13, 3.02, 16],
			"rotation": {"angle": 0, "axis": "y", "origin": [8, 1.5, 8]},
			"faces": {
				"north": {"uv": [3, 13, 5, 16], "texture": "#0", "cullface": "north"},
				"east": {"uv": [0, 13, 16, 16], "texture": "#0"},
				"south": {"uv": [11, 13, 13, 16], "texture": "#0", "cullface": "south"},
				"west": {"uv": [0, 13, 16, 16], "texture": "#0"},
				"up": {"uv": [11, 0, 13, 16], "texture": "#0"},
				"down": {"uv": [0, 0, 2, 16], "texture": "#0", "cullface": "down"}
			}
		},
		{
			"from": [3, 0.02, 0],
			"to": [5, 3.02, 16],
			"rotation": {"angle": 0, "axis": "y", "origin": [8, 1.5, 8]},
			"faces": {
				"north": {"uv": [11, 13, 13, 16], "texture": "#0", "cullface": "north"},
				"east": {"uv": [0, 13, 16, 16], "texture": "#0"},
				"south": {"uv": [3, 13, 5, 16], "texture": "#0", "cullface": "south"},
				"west": {"uv": [0, 13, 16, 16], "texture": "#0"},
				"up": {"uv": [3, 0, 5, 16], "texture": "#0"},
				"down": {"uv": [0, 0, 2, 16], "texture": "#0", "cullface": "down"}
			}
		}
	],
	"groups": [
		{
			"name": "bars_ew",
			"origin": [8, 8, 8],
			"color": 0,
			"nbt": "{}",
			"children": [0, 1, 2]
		},
		{
			"name": "bars_ns",
			"origin": [8, 8, 8],
			"color": 0,
			"nbt": "{}",
			"children": [3, 4]
		}
	]
}