{
	"credit": "Made with Blockbench",
	"parent": "minecraft:block/block",
	"ambientocclusion": false,
	"render_type": "cutout",
	"textures": {
		"particle": "minecolonies:block/iron_gate_spikes",
		"gate": "minecolonies:block/iron_gate_spikes"
	},
	"elements": [
		{
			"name": "panel",
			"from": [0, 0, 8],
			"to": [16, 16, 8],
			"faces": {
				"north": {"uv": [0, 0, 16, 16], "texture": "#gate"},
				"south": {"uv": [0, 0, 16, 16], "texture": "#gate"}
			}
		}
	],
	"display": {
		"thirdperson_righthand": {
			"translation": [0, 3, 1],
			"scale": [0.55, 0.55, 0.55]
		},
		"thirdperson_lefthand": {
			"translation": [0, 3, 1],
			"scale": [0.55, 0.55, 0.55]
		},
		"firstperson_righthand": {
			"rotation": [0, -90, 25],
			"translation": [1.13, 3.2, 1.13],
			"scale": [0.68, 0.68, 0.68]
		},
		"firstperson_lefthand": {
			"rotation": [0, -90, 25],
			"translation": [1.13, 3.2, 1.13],
			"scale": [0.68, 0.68, 0.68]
		},
		"ground": {
			"translation": [0, 2, 0],
			"scale": [0.5, 0.5, 0.5]
		},
		"head": {
			"rotation": [0, 180, 0],
			"translation": [0, 0, -6.5]
		},
		"fixed": {
			"rotation": [0, 180, 0]
		}
	}
}