{
	"credit": "Made with Blockbench",
	"parent": "minecraft:block/block",
	"textures": {
		"particle": "block/oak_log",
		"side": "block/oak_log",
		"top": "block/oak_log_top",
		"bolt": "block/oak_planks"
	},
	"elements": [
		{
			"name": "log",
			"from": [5, 0, 6],
			"to": [11, 16, 12],
			"faces": {
				"north": {"uv": [5, 0, 11, 16], "texture": "#side"},
				"east": {"uv": [5, 0, 11, 16], "texture": "#side"},
				"south": {"uv": [5, 0, 11, 16], "texture": "#side"},
				"west": {"uv": [5, 0, 11, 16], "texture": "#side"},
				"up": {"uv": [5, 5, 11, 11], "texture": "#top", "cullface": "up"},
				"down": {"uv": [5, 5, 11, 11], "texture": "#top", "cullface": "down"}
			}
		},
		{
			"name": "log",
			"from": [0, 5, 4],
			"to": [16, 11, 10],
			"faces": {
				"north": {"uv": [5, 0, 11, 16], "rotation": 90, "texture": "#side"},
				"east": {"uv": [5, 5, 11, 11], "texture": "#top", "cullface": "east"},
				"south": {"uv": [5, 0, 11, 16], "rotation": 90, "texture": "#side"},
				"west": {"uv": [5, 5, 11, 11], "texture": "#top", "cullface": "west"},
				"up": {"uv": [5, 0, 11, 16], "rotation": 90, "texture": "#side"},
				"down": {"uv": [5, 0, 11, 16], "rotation": 90, "texture": "#side"}
			}
		},
		{
			"name": "bolt",
			"from": [7, 7, 3],
			"to": [9, 9, 13],
			"faces": {
				"north": {"uv": [14, 9, 16, 11], "texture": "#bolt"},
				"east": {"uv": [4, 8, 14, 10], "texture": "#bolt"},
				"south": {"uv": [14, 9, 16, 11], "texture": "#bolt"},
				"west": {"uv": [4, 8, 14, 10], "texture": "#bolt"},
				"up": {"uv": [4, 8, 14, 10], "rotation": 90, "texture": "#bolt"},
				"down": {"uv": [4, 8, 14, 10], "rotation": 90, "texture": "#bolt"}
			}
		}
	],
	"display": {
		"thirdperson_righthand": {
			"rotation": [75, 45, 0],
			"translation": [0, 1.25, 0],
			"scale": [0.375, 0.375, 0.375]
		},
		"thirdperson_lefthand": {
			"rotation": [75, 45, 0],
			"translation": [0, 1.25, 0],
			"scale": [0.375, 0.375, 0.375]
		},
		"firstperson_righthand": {
			"rotation": [0, 135, 0],
			"translation": [0, 1.5, 0],
			"scale": [0.4, 0.4, 0.4]
		},
		"firstperson_lefthand": {
			"rotation": [0, 135, 0],
			"translation": [0, 1.5, 0],
			"scale": [0.4, 0.4, 0.4]
		},
		"ground": {
			"translation": [0, 3, 0],
			"scale": [0.25, 0.25, 0.25]
		},
		"gui": {
			"rotation": [30, 225, 0],
			"scale": [0.7, 0.7, 0.7]
		},
		"head": {
			"translation": [0, 0, -5]
		},
		"fixed": {
			"scale": [0.5, 0.5, 0.5]
		}
	}
}