{
	"credit": "Made with Blockbench",
	"ambientocclusion": false,
	"textures": {
		"0": "block/oak_planks",
		"1": "block/acacia_door_top",
		"2": "block/acacia_door_bottom",
		"particle": "block/oak_planks"
	},
	"elements": [
		{
			"from": [13, 16, 6.5],
			"to": [16, 30, 9.5],
			"rotation": {"angle": 0, "axis": "y", "origin": [1.5, 8, 8]},
			"faces": {
				"north": {"uv": [1, 13, 15, 16], "rotation": 90, "texture": "#0"},
				"east": {"uv": [0, 0, 14, 3], "rotation": 270, "texture": "#0", "cullface": "south"},
				"south": {"uv": [1, 13, 15, 16], "rotation": 270, "texture": "#0", "cullface": "west"}
			}
		},
		{
			"from": [0, 16, 6.5],
			"to": [3, 29, 9.5],
			"rotation": {"angle": 0, "axis": "y", "origin": [1.5, 8, 8]},
			"faces": {
				"north": {"uv": [1, 9, 14, 12], "rotation": 90, "texture": "#0"},
				"south": {"uv": [1, 1, 14, 4], "rotation": 270, "texture": "#0", "cullface": "west"},
				"west": {"uv": [0, 0, 13, 3], "rotation": 270, "texture": "#0", "cullface": "north"}
			}
		},
		{
			"from": [2, 29, 6.5],
			"to": [13, 32, 9.5],
			"rotation": {"angle": 0, "axis": "y", "origin": [1.5, 8, 8]},
			"faces": {
				"north": {"uv": [2, 1, 13, 4], "texture": "#0"},
				"south": {"uv": [2, 1, 13, 4], "texture": "#0", "cullface": "west"},
				"up": {"uv": [2, 0, 13, 3], "texture": "#0", "cullface": "up"}
			}
		},
		{
			"from": [3, 16, 6.5],
			"to": [13, 17, 9.5],
			"rotation": {"angle": 0, "axis": "y", "origin": [1.5, 8, 8]},
			"faces": {
				"north": {"uv": [3, 12, 13, 13], "texture": "#0"},
				"south": {"uv": [3, 12, 13, 13], "texture": "#0", "cullface": "west"}
			}
		},
		{
			"from": [0, 29, 6.5],
			"to": [2, 32, 9.5],
			"rotation": {"angle": 0, "axis": "y", "origin": [1.5, 8, 8]},
			"faces": {
				"north": {"uv": [13, 4, 15, 7], "texture": "#0"},
				"south": {"uv": [1, 4, 3, 7], "texture": "#0", "cullface": "west"},
				"west": {"uv": [13, 0, 16, 3], "rotation": 270, "texture": "#0", "cullface": "north"},
				"up": {"uv": [0, 0, 2, 3], "texture": "#0", "cullface": "up"}
			}
		},
		{
			"from": [9, 17, 6.5],
			"to": [11, 29, 9.5],
			"rotation": {"angle": 0, "axis": "y", "origin": [1.5, 8, 8]},
			"faces": {
				"north": {"uv": [1, 7, 13, 9], "rotation": 270, "texture": "#0"},
				"south": {"uv": [1, 10, 13, 12], "rotation": 270, "texture": "#0", "cullface": "west"}
			}
		},
		{
			"from": [5, 17, 6.5],
			"to": [7, 29, 9.5],
			"rotation": {"angle": 0, "axis": "y", "origin": [1.5, 8, 8]},
			"faces": {
				"north": {"uv": [1, 11, 13, 13], "rotation": 270, "texture": "#0"},
				"south": {"uv": [1, 6, 13, 8], "rotation": 270, "texture": "#0", "cullface": "west"}
			}
		},
		{
			"from": [13, 30, 6.5],
			"to": [16, 32, 9.5],
			"rotation": {"angle": 0, "axis": "y", "origin": [1.5, 0, 0]},
			"faces": {
				"north": {"uv": [2, 13, 4, 16], "rotation": 90, "texture": "#0"},
				"east": {"uv": [14, 0, 16, 3], "rotation": 270, "texture": "#0", "cullface": "south"},
				"south": {"uv": [13, 13, 15, 16], "rotation": 270, "texture": "#0", "cullface": "west"},
				"up": {"uv": [13, 0, 16, 3], "texture": "#0", "cullface": "up"}
			}
		},
		{
			"name": "door_handle",
			"from": [12, 16, 6.49],
			"to": [15, 17, 9.51],
			"rotation": {"angle": 0, "axis": "y", "origin": [1.5, 8, 8]},
			"faces": {
				"north": {"uv": [12, 15, 15, 16], "rotation": 180, "texture": "#1"},
				"south": {"uv": [12, 15, 15, 16], "texture": "#1", "cullface": "west"}
			}
		},
		{
			"name": "hinge",
			"from": [0, 16, 6.49],
			"to": [1, 17, 9.51],
			"rotation": {"angle": 0, "axis": "y", "origin": [1.5, 8, 8]},
			"faces": {
				"north": {"uv": [0, 15, 1, 16], "texture": "#1"},
				"south": {"uv": [0, 15, 1, 16], "rotation": 180, "texture": "#1", "cullface": "west"}
			}
		},
		{
			"name": "hinge",
			"from": [0, 26, 6.49],
			"to": [1, 28, 9.51],
			"rotation": {"angle": 0, "axis": "y", "origin": [1.5, 8, 8]},
			"faces": {
				"north": {"uv": [0, 4, 1, 6], "texture": "#1"},
				"south": {"uv": [0, 4, 1, 6], "texture": "#1", "cullface": "west"}
			}
		},
		{
			"from": [13, 3, 6.5],
			"to": [16, 16, 9.5],
			"rotation": {"angle": 0, "axis": "y", "origin": [1.5, 8, 8]},
			"faces": {
				"north": {"uv": [1, 13, 14, 16], "rotation": 90, "texture": "#0"},
				"east": {"uv": [3, 0, 16, 3], "rotation": 270, "texture": "#0", "cullface": "south"},
				"south": {"uv": [2, 13, 15, 16], "rotation": 270, "texture": "#0", "cullface": "west"}
			}
		},
		{
			"from": [0, 3, 6.5],
			"to": [3, 16, 9.5],
			"rotation": {"angle": 0, "axis": "y", "origin": [1.5, 8, 8]},
			"faces": {
				"north": {"uv": [1, 1, 14, 4], "rotation": 90, "texture": "#0"},
				"south": {"uv": [1, 9, 14, 12], "rotation": 270, "texture": "#0", "cullface": "west"},
				"west": {"uv": [3, 0, 16, 3], "rotation": 270, "texture": "#0", "cullface": "north"}
			}
		},
		{
			"from": [2, 0, 6.5],
			"to": [15, 3, 9.5],
			"rotation": {"angle": 0, "axis": "y", "origin": [1.5, 8, 8]},
			"faces": {
				"north": {"uv": [1, 13, 14, 16], "texture": "#0"},
				"south": {"uv": [2, 13, 15, 16], "texture": "#0", "cullface": "west"},
				"down": {"uv": [1, 12, 14, 15], "rotation": 180, "texture": "#0", "cullface": "down"}
			}
		},
		{
			"from": [3, 15, 6.5],
			"to": [13, 16, 9.5],
			"rotation": {"angle": 0, "axis": "y", "origin": [1.5, 8, 8]},
			"faces": {
				"north": {"uv": [3, 3, 13, 4], "texture": "#0"},
				"south": {"uv": [3, 3, 13, 4], "texture": "#0", "cullface": "west"}
			}
		},
		{
			"from": [9, 3, 6.5],
			"to": [11, 15, 9.5],
			"rotation": {"angle": 0, "axis": "y", "origin": [1.5, 8, 8]},
			"faces": {
				"north": {"uv": [1, 7, 13, 9], "rotation": 270, "texture": "#0"},
				"south": {"uv": [1, 10, 13, 12], "rotation": 270, "texture": "#0", "cullface": "west"}
			}
		},
		{
			"from": [5, 3, 6.5],
			"to": [7, 15, 9.5],
			"rotation": {"angle": 0, "axis": "y", "origin": [1.5, 8, 8]},
			"faces": {
				"north": {"uv": [3, 11, 15, 13], "rotation": 270, "texture": "#0"},
				"south": {"uv": [3, 6, 15, 8], "rotation": 270, "texture": "#0", "cullface": "west"}
			}
		},
		{
			"from": [15, 0, 6.5],
			"to": [16, 1, 9.5],
			"rotation": {"angle": 0, "axis": "y", "origin": [1.5, 8, 8]},
			"faces": {
				"north": {"uv": [0, 15, 1, 16], "texture": "#0"},
				"east": {"uv": [0, 0, 1, 3], "rotation": 90, "texture": "#0", "cullface": "south"},
				"south": {"uv": [15, 15, 16, 16], "texture": "#0", "cullface": "west"},
				"down": {"uv": [0, 12, 1, 15], "rotation": 180, "texture": "#0", "cullface": "down"}
			}
		},
		{
			"from": [15, 1, 6.5],
			"to": [16, 3, 9.5],
			"rotation": {"angle": 0, "axis": "y", "origin": [1.5, 8, 8]},
			"faces": {
				"north": {"uv": [1, 15, 3, 16], "rotation": 90, "texture": "#0"},
				"east": {"uv": [1, 0, 3, 3], "rotation": 270, "texture": "#0", "cullface": "south"},
				"south": {"uv": [0, 15, 2, 16], "rotation": 90, "texture": "#0", "cullface": "west"}
			}
		},
		{
			"from": [0, 0, 6.5],
			"to": [2, 3, 9.5],
			"rotation": {"angle": 0, "axis": "y", "origin": [1.5, 8, 8]},
			"faces": {
				"north": {"uv": [13, 13, 15, 16], "texture": "#0"},
				"south": {"uv": [1, 13, 3, 16], "texture": "#0", "cullface": "west"},
				"west": {"uv": [0, 0, 3, 3], "rotation": 270, "texture": "#0", "cullface": "north"},
				"down": {"uv": [14, 12, 16, 15], "rotation": 180, "texture": "#0", "cullface": "down"}
			}
		},
		{
			"name": "door_handle",
			"from": [14, 15, 6.49],
			"to": [15, 16, 9.51],
			"rotation": {"angle": 0, "axis": "y", "origin": [1.5, 8, 8]},
			"faces": {
				"north": {"uv": [14, 0, 15, 1], "texture": "#2"},
				"south": {"uv": [14, 0, 15, 1], "rotation": 180, "texture": "#2", "cullface": "west"}
			}
		},
		{
			"name": "hinge",
			"from": [0, 15, 6.49],
			"to": [1, 16, 9.51],
			"rotation": {"angle": 0, "axis": "y", "origin": [1.5, 8, 8]},
			"faces": {
				"north": {"uv": [0, 0, 1, 1], "texture": "#2"},
				"south": {"uv": [0, 0, 1, 1], "rotation": 180, "texture": "#2", "cullface": "west"}
			}
		},
		{
			"name": "hinge",
			"from": [0, 4, 6.49],
			"to": [1, 6, 9.51],
			"rotation": {"angle": 0, "axis": "y", "origin": [1.5, 8, 8]},
			"faces": {
				"north": {"uv": [0, 10, 1, 12], "texture": "#2"},
				"south": {"uv": [0, 10, 1, 12], "texture": "#2", "cullface": "west"}
			}
		}
	],
	"gui_light": "front",
	"display": {
		"thirdperson_righthand": {
			"translation": [0, 0, 1],
			"scale": [0.22, 0.22, 0.22]
		},
		"thirdperson_lefthand": {
			"translation": [0, 0, 1],
			"scale": [0.22, 0.22, 0.22]
		},
		"firstperson_righthand": {
			"rotation": [0, -90, 25],
			"translation": [1.25, -0.5, 1],
			"scale": [0.34, 0.34, 0.34]
		},
		"firstperson_lefthand": {
			"rotation": [0, -90, 25],
			"translation": [1.25, -0.5, 1],
			"scale": [0.34, 0.34, 0.34]
		},
		"ground": {
			"translation": [0, 3, 0],
			"scale": [0.25, 0.25, 0.25]
		},
		"gui": {
			"translation": [0, -3.5, 0],
			"scale": [0.45, 0.45, 0.45]
		},
		"head": {
			"rotation": [0, 180, 0],
			"translation": [0, 1.5, -5.5]
		},
		"fixed": {
			"translation": [0, -4, 0],
			"scale": [0.5, 0.5, 0.5]
		}
	},
	"groups": [
		{
			"name": "main",
			"origin": [0, 8, 8],
			"color": 0,
			"children": [0, 1, 2, 3, 4, 5, 6, 7]
		},
		{
			"name": "decor",
			"origin": [8, 8, 8],
			"color": 0,
			"children": [8, 9, 10]
		},
		{
			"name": "main",
			"origin": [0, 8, 8],
			"color": 0,
			"children": [11, 12, 13, 14, 15, 16, 17, 18, 19]
		},
		{
			"name": "decor",
			"origin": [8, 8, 8],
			"color": 0,
			"children": [20, 21, 22]
		}
	]
}