{
  "parent": "minecraft:block/block",
  "display": {
    "head": {
      "rotation": [ -180, 0, 0 ],
      "translation": [ 8.5, 4, 0 ]
    },
    "thirdperson_righthand": {
      "translation": [ 0, 2, 0.5],
      "scale": [ 0.40, 0.40, 0.40 ]
    }
  },
  "overrides": [
    {
      "model": "domum_ornamentum:block/post/post_plain_spec",
      "predicate": {
        "domum_ornamentum:post_type": 0.0
      }
    },
    {
      "model": "domum_ornamentum:block/post/post_heavy_spec",
      "predicate": {
        "domum_ornamentum:post_type": 1.0
      }
    },
    {
      "model": "domum_ornamentum:block/post/post_turned_spec",
      "predicate": {
        "domum_ornamentum:post_type": 2.0
      }
    },
    {
      "model": "domum_ornamentum:block/post/post_pinched_spec",
      "predicate": {
        "domum_ornamentum:post_type": 3.0
      }
    },
    {
      "model": "domum_ornamentum:block/post/post_double_spec",
      "predicate": {
        "domum_ornamentum:post_type": 4.0
      }
    },
    {
      "model": "domum_ornamentum:block/post/post_quad_spec",
      "predicate": {
        "domum_ornamentum:post_type": 5.0
      }
    }
  ]
}