{
	"credit": "Made with Blockbench",
	"ambientocclusion": false,
	"parent": "block/block",
	"textures": {
		"bricks": "block/bricks",
		"sand": "block/sand",
		"orange_wool": "block/orange_wool",
		"dirt": "block/dirt",
		"obsidian": "block/obsidian",
		"polished_andesite": "block/polished_andesite",
		"andesite": "block/andesite",
		"blue_wool": "block/blue_wool",
		"label_oak": "block/oak_log",
		"label_spruce": "block/spruce_log",
		"label_birch": "block/birch_log",
		"label_jungle": "block/jungle_log",
		"label_acacia": "block/acacia_log",
		"label_dark_oak": "block/dark_oak_log",
		"label_mangrove": "block/mangrove_log",
		"label_crimson": "block/crimson_stem",
		"particle": "minecolonies:block/hut_base_side",
		"shelf": "minecolonies:block/hut_base_side",
		"shelf_left": "minecolonies:block/double_rack_left",
		"shelf_right": "minecolonies:block/double_rack_right",
		"legs": "minecolonies:block/rack_legs"
	},
	"elements": [
		{
			"from": [5, 8, 7],
			"to": [8, 11, 10],
			"rotation": {"angle": 22.5, "axis": "y", "origin": [5, 11, 10]},
			"faces": {
				"north": {"uv": [0, 10, 6, 16], "texture": "#bricks"},
				"east": {"uv": [10, 10, 16, 16], "texture": "#bricks"}
			}
		},
		{
			"from": [2, 8, 10],
			"to": [5, 11, 13],
			"rotation": {"angle": 22.5, "axis": "y", "origin": [5, 11, 10]},
			"faces": {
				"south": {"uv": [0, 10, 6, 16], "texture": "#bricks"},
				"west": {"uv": [10, 10, 16, 16], "texture": "#bricks"}
			}
		},
		{
			"from": [5, 8, 10],
			"to": [8, 11, 13],
			"rotation": {"angle": 22.5, "axis": "y", "origin": [5, 11, 10]},
			"faces": {
				"east": {"uv": [0, 10, 6, 16], "texture": "#bricks"},
				"south": {"uv": [10, 10, 16, 16], "texture": "#bricks"}
			}
		},
		{
			"from": [2, 8, 7],
			"to": [5, 11, 10],
			"rotation": {"angle": 22.5, "axis": "y", "origin": [5, 11, 10]},
			"faces": {
				"north": {"uv": [10, 10, 16, 16], "texture": "#bricks"},
				"west": {"uv": [0, 10, 6, 16], "texture": "#bricks"}
			}
		},
		{
			"from": [2, 11, 7],
			"to": [5, 14, 10],
			"rotation": {"angle": 22.5, "axis": "y", "origin": [5, 11, 10]},
			"faces": {
				"north": {"uv": [10, 0, 16, 6], "texture": "#bricks"},
				"west": {"uv": [0, 0, 6, 6], "texture": "#bricks"},
				"up": {"uv": [0, 0, 6, 6], "texture": "#bricks"}
			}
		},
		{
			"from": [5, 11, 7],
			"to": [8, 14, 10],
			"rotation": {"angle": 22.5, "axis": "y", "origin": [5, 11, 10]},
			"faces": {
				"north": {"uv": [0, 0, 6, 6], "texture": "#bricks"},
				"east": {"uv": [10, 0, 16, 6], "texture": "#bricks"},
				"up": {"uv": [10, 0, 16, 6], "texture": "#bricks"}
			}
		},
		{
			"from": [2, 11, 10],
			"to": [5, 14, 13],
			"rotation": {"angle": 22.5, "axis": "y", "origin": [5, 11, 10]},
			"faces": {
				"south": {"uv": [0, 0, 6, 6], "texture": "#bricks"},
				"west": {"uv": [10, 0, 16, 6], "texture": "#bricks"},
				"up": {"uv": [0, 10, 6, 16], "texture": "#bricks"}
			}
		},
		{
			"from": [5, 11, 10],
			"to": [8, 14, 13],
			"rotation": {"angle": 22.5, "axis": "y", "origin": [5, 11, 10]},
			"faces": {
				"east": {"uv": [0, 0, 6, 6], "texture": "#bricks"},
				"south": {"uv": [10, 0, 16, 6], "texture": "#bricks"},
				"up": {"uv": [10, 10, 16, 16], "texture": "#bricks"}
			}
		},
		{
			"name": "label",
			"from": [2.5, 8.5, 6.99],
			"to": [7.5, 13.5, 6.99],
			"rotation": {"angle": 22.5, "axis": "y", "origin": [5, 11, 10]},
			"faces": {
				"north": {"uv": [0, 0, 16, 16], "texture": "#label_oak"}
			}
		},
		{
			"name": "label",
			"from": [2.5, 8.5, 13.02],
			"to": [7.5, 13.5, 13.02],
			"rotation": {"angle": 22.5, "axis": "y", "origin": [5, 11, 10]},
			"faces": {
				"south": {"uv": [0, 0, 16, 16], "texture": "#label_oak"}
			}
		},
		{
			"from": [9, 16, 7],
			"to": [12, 19, 10],
			"rotation": {"angle": 22.5, "axis": "y", "origin": [12, 19, 10]},
			"faces": {
				"north": {"uv": [10, 10, 16, 16], "texture": "#sand"},
				"west": {"uv": [0, 10, 6, 16], "texture": "#sand"}
			}
		},
		{
			"from": [12, 16, 10],
			"to": [15, 19, 13],
			"rotation": {"angle": 22.5, "axis": "y", "origin": [12, 19, 10]},
			"faces": {
				"east": {"uv": [0, 10, 6, 16], "texture": "#sand"},
				"south": {"uv": [10, 10, 16, 16], "texture": "#sand"}
			}
		},
		{
			"from": [12, 16, 7],
			"to": [15, 19, 10],
			"rotation": {"angle": 22.5, "axis": "y", "origin": [12, 19, 10]},
			"faces": {
				"north": {"uv": [0, 10, 6, 16], "texture": "#sand"},
				"east": {"uv": [10, 10, 16, 16], "texture": "#sand"}
			}
		},
		{
			"from": [9, 16, 10],
			"to": [12, 19, 13],
			"rotation": {"angle": 22.5, "axis": "y", "origin": [12, 19, 10]},
			"faces": {
				"south": {"uv": [0, 10, 6, 16], "texture": "#sand"},
				"west": {"uv": [10, 10, 16, 16], "texture": "#sand"}
			}
		},
		{
			"from": [9, 19, 10],
			"to": [12, 22, 13],
			"rotation": {"angle": 22.5, "axis": "y", "origin": [12, 19, 10]},
			"faces": {
				"south": {"uv": [0, 0, 6, 6], "texture": "#sand"},
				"west": {"uv": [10, 0, 16, 6], "texture": "#sand"},
				"up": {"uv": [0, 0, 6, 6], "rotation": 270, "texture": "#sand"}
			}
		},
		{
			"from": [9, 19, 7],
			"to": [12, 22, 10],
			"rotation": {"angle": 22.5, "axis": "y", "origin": [12, 19, 10]},
			"faces": {
				"north": {"uv": [10, 0, 16, 6], "texture": "#sand"},
				"west": {"uv": [0, 0, 6, 6], "texture": "#sand"},
				"up": {"uv": [10, 0, 16, 6], "rotation": 270, "texture": "#sand"}
			}
		},
		{
			"from": [12, 19, 10],
			"to": [15, 22, 13],
			"rotation": {"angle": 22.5, "axis": "y", "origin": [12, 19, 10]},
			"faces": {
				"east": {"uv": [0, 0, 6, 6], "texture": "#sand"},
				"south": {"uv": [10, 0, 16, 6], "texture": "#sand"},
				"up": {"uv": [0, 10, 6, 16], "rotation": 270, "texture": "#sand"}
			}
		},
		{
			"from": [12, 19, 7],
			"to": [15, 22, 10],
			"rotation": {"angle": 22.5, "axis": "y", "origin": [12, 19, 10]},
			"faces": {
				"north": {"uv": [0, 0, 6, 6], "texture": "#sand"},
				"east": {"uv": [10, 0, 16, 6], "texture": "#sand"},
				"up": {"uv": [10, 10, 16, 16], "rotation": 270, "texture": "#sand"}
			}
		},
		{
			"name": "label",
			"from": [9.5, 16.5, 13.01],
			"to": [14.5, 21.5, 13.01],
			"rotation": {"angle": 22.5, "axis": "y", "origin": [12, 19, 10]},
			"faces": {
				"south": {"uv": [0, 0, 16, 16], "texture": "#label_spruce"}
			}
		},
		{
			"name": "label",
			"from": [9.5, 16.5, 6.99],
			"to": [14.5, 21.5, 6.99],
			"rotation": {"angle": 22.5, "axis": "y", "origin": [12, 19, 10]},
			"faces": {
				"north": {"uv": [0, 0, 16, 16], "texture": "#label_spruce"}
			}
		},
		{
			"from": [9, 8, 3],
			"to": [12, 11, 6],
			"rotation": {"angle": 0, "axis": "y", "origin": [12, 11, 6]},
			"faces": {
				"north": {"uv": [10, 10, 16, 16], "texture": "#orange_wool"},
				"west": {"uv": [0, 10, 6, 16], "texture": "#orange_wool"}
			}
		},
		{
			"from": [12, 8, 6],
			"to": [15, 11, 9],
			"rotation": {"angle": 0, "axis": "y", "origin": [12, 11, 6]},
			"faces": {
				"east": {"uv": [0, 10, 6, 16], "texture": "#orange_wool"},
				"south": {"uv": [10, 10, 16, 16], "texture": "#orange_wool"}
			}
		},
		{
			"from": [12, 8, 3],
			"to": [15, 11, 6],
			"rotation": {"angle": 0, "axis": "y", "origin": [12, 11, 6]},
			"faces": {
				"north": {"uv": [0, 10, 6, 16], "texture": "#orange_wool"},
				"east": {"uv": [10, 10, 16, 16], "texture": "#orange_wool"}
			}
		},
		{
			"from": [9, 8, 6],
			"to": [12, 11, 9],
			"rotation": {"angle": 0, "axis": "y", "origin": [12, 11, 6]},
			"faces": {
				"south": {"uv": [0, 10, 6, 16], "texture": "#orange_wool"},
				"west": {"uv": [10, 10, 16, 16], "texture": "#orange_wool"}
			}
		},
		{
			"from": [9, 11, 6],
			"to": [12, 14, 9],
			"rotation": {"angle": 0, "axis": "y", "origin": [12, 11, 6]},
			"faces": {
				"south": {"uv": [0, 0, 6, 6], "texture": "#orange_wool"},
				"west": {"uv": [10, 0, 16, 6], "texture": "#orange_wool"},
				"up": {"uv": [0, 0, 6, 6], "rotation": 270, "texture": "#orange_wool"}
			}
		},
		{
			"from": [9, 11, 3],
			"to": [12, 14, 6],
			"rotation": {"angle": 0, "axis": "y", "origin": [12, 11, 6]},
			"faces": {
				"north": {"uv": [10, 0, 16, 6], "texture": "#orange_wool"},
				"west": {"uv": [0, 0, 6, 6], "texture": "#orange_wool"},
				"up": {"uv": [10, 0, 16, 6], "rotation": 270, "texture": "#orange_wool"}
			}
		},
		{
			"from": [12, 11, 6],
			"to": [15, 14, 9],
			"rotation": {"angle": 0, "axis": "y", "origin": [12, 11, 6]},
			"faces": {
				"east": {"uv": [0, 0, 6, 6], "texture": "#orange_wool"},
				"south": {"uv": [10, 0, 16, 6], "texture": "#orange_wool"},
				"up": {"uv": [0, 10, 6, 16], "rotation": 270, "texture": "#orange_wool"}
			}
		},
		{
			"from": [12, 11, 3],
			"to": [15, 14, 6],
			"rotation": {"angle": 0, "axis": "y", "origin": [12, 11, 6]},
			"faces": {
				"north": {"uv": [0, 0, 6, 6], "texture": "#orange_wool"},
				"east": {"uv": [10, 0, 16, 6], "texture": "#orange_wool"},
				"up": {"uv": [10, 10, 16, 16], "rotation": 270, "texture": "#orange_wool"}
			}
		},
		{
			"name": "label",
			"from": [9.5, 8.5, 2.99],
			"to": [14.5, 13.5, 2.99],
			"rotation": {"angle": 0, "axis": "y", "origin": [12, 11, 6]},
			"faces": {
				"north": {"uv": [0, 0, 16, 16], "texture": "#label_birch"}
			}
		},
		{
			"name": "label",
			"from": [9.5, 8.5, 9.01],
			"to": [14.5, 13.5, 9.01],
			"rotation": {"angle": 0, "axis": "y", "origin": [12, 11, 6]},
			"faces": {
				"south": {"uv": [0, 0, 16, 16], "texture": "#label_birch"}
			}
		},
		{
			"from": [22, 8, 5],
			"to": [25, 11, 8],
			"rotation": {"angle": 22.5, "axis": "y", "origin": [25, 11, 5]},
			"faces": {
				"south": {"uv": [0, 10, 6, 16], "texture": "#dirt"},
				"west": {"uv": [10, 10, 16, 16], "texture": "#dirt"}
			}
		},
		{
			"from": [25, 8, 2],
			"to": [28, 11, 5],
			"rotation": {"angle": 22.5, "axis": "y", "origin": [25, 11, 5]},
			"faces": {
				"north": {"uv": [0, 10, 6, 16], "texture": "#dirt"},
				"east": {"uv": [10, 10, 16, 16], "texture": "#dirt"}
			}
		},
		{
			"from": [22, 8, 2],
			"to": [25, 11, 5],
			"rotation": {"angle": 22.5, "axis": "y", "origin": [25, 11, 5]},
			"faces": {
				"north": {"uv": [10, 10, 16, 16], "texture": "#dirt"},
				"west": {"uv": [0, 10, 6, 16], "texture": "#dirt"}
			}
		},
		{
			"from": [25, 8, 5],
			"to": [28, 11, 8],
			"rotation": {"angle": 22.5, "axis": "y", "origin": [25, 11, 5]},
			"faces": {
				"east": {"uv": [0, 10, 6, 16], "texture": "#dirt"},
				"south": {"uv": [10, 10, 16, 16], "texture": "#dirt"}
			}
		},
		{
			"from": [25, 11, 5],
			"to": [28, 14, 8],
			"rotation": {"angle": 22.5, "axis": "y", "origin": [25, 11, 5]},
			"faces": {
				"east": {"uv": [0, 0, 6, 6], "texture": "#dirt"},
				"south": {"uv": [10, 0, 16, 6], "texture": "#dirt"},
				"up": {"uv": [0, 0, 6, 6], "rotation": 180, "texture": "#dirt"}
			}
		},
		{
			"from": [22, 11, 5],
			"to": [25, 14, 8],
			"rotation": {"angle": 22.5, "axis": "y", "origin": [25, 11, 5]},
			"faces": {
				"south": {"uv": [0, 0, 6, 6], "texture": "#dirt"},
				"west": {"uv": [10, 0, 16, 6], "texture": "#dirt"},
				"up": {"uv": [10, 0, 16, 6], "rotation": 180, "texture": "#dirt"}
			}
		},
		{
			"from": [25, 11, 2],
			"to": [28, 14, 5],
			"rotation": {"angle": 22.5, "axis": "y", "origin": [25, 11, 5]},
			"faces": {
				"north": {"uv": [0, 0, 6, 6], "texture": "#dirt"},
				"east": {"uv": [10, 0, 16, 6], "texture": "#dirt"},
				"up": {"uv": [0, 10, 6, 16], "rotation": 180, "texture": "#dirt"}
			}
		},
		{
			"from": [22, 11, 2],
			"to": [25, 14, 5],
			"rotation": {"angle": 22.5, "axis": "y", "origin": [25, 11, 5]},
			"faces": {
				"north": {"uv": [10, 0, 16, 6], "texture": "#dirt"},
				"west": {"uv": [0, 0, 6, 6], "texture": "#dirt"},
				"up": {"uv": [10, 10, 16, 16], "rotation": 180, "texture": "#dirt"}
			}
		},
		{
			"name": "label",
			"from": [22.5, 8.5, 8.01],
			"to": [27.5, 13.5, 8.01],
			"rotation": {"angle": 22.5, "axis": "y", "origin": [25, 11, 5]},
			"faces": {
				"south": {"uv": [0, 0, 16, 16], "texture": "#label_jungle"}
			}
		},
		{
			"name": "label",
			"from": [22.5, 8.5, 1.99],
			"to": [27.5, 13.5, 1.99],
			"rotation": {"angle": 22.5, "axis": "y", "origin": [25, 11, 5]},
			"faces": {
				"north": {"uv": [0, 0, 16, 16], "texture": "#label_jungle"}
			}
		},
		{
			"from": [22, 16, 8],
			"to": [25, 19, 11],
			"rotation": {"angle": 0, "axis": "y", "origin": [10, 19, 10]},
			"faces": {
				"north": {"uv": [10, 10, 16, 16], "texture": "#obsidian"},
				"west": {"uv": [0, 10, 6, 16], "texture": "#obsidian"}
			}
		},
		{
			"from": [25, 16, 11],
			"to": [28, 19, 14],
			"rotation": {"angle": 0, "axis": "y", "origin": [10, 19, 10]},
			"faces": {
				"east": {"uv": [0, 10, 6, 16], "texture": "#obsidian"},
				"south": {"uv": [10, 10, 16, 16], "texture": "#obsidian"}
			}
		},
		{
			"from": [25, 16, 8],
			"to": [28, 19, 11],
			"rotation": {"angle": 0, "axis": "y", "origin": [10, 19, 10]},
			"faces": {
				"north": {"uv": [0, 10, 6, 16], "texture": "#obsidian"},
				"east": {"uv": [10, 10, 16, 16], "texture": "#obsidian"}
			}
		},
		{
			"from": [22, 16, 11],
			"to": [25, 19, 14],
			"rotation": {"angle": 0, "axis": "y", "origin": [10, 19, 10]},
			"faces": {
				"south": {"uv": [0, 10, 6, 16], "texture": "#obsidian"},
				"west": {"uv": [10, 10, 16, 16], "texture": "#obsidian"}
			}
		},
		{
			"from": [22, 19, 11],
			"to": [25, 22, 14],
			"rotation": {"angle": 0, "axis": "y", "origin": [10, 19, 10]},
			"faces": {
				"south": {"uv": [0, 0, 6, 6], "texture": "#obsidian"},
				"west": {"uv": [10, 0, 16, 6], "texture": "#obsidian"},
				"up": {"uv": [0, 0, 6, 6], "rotation": 270, "texture": "#obsidian"}
			}
		},
		{
			"from": [22, 19, 8],
			"to": [25, 22, 11],
			"rotation": {"angle": 0, "axis": "y", "origin": [10, 19, 10]},
			"faces": {
				"north": {"uv": [10, 0, 16, 6], "texture": "#obsidian"},
				"west": {"uv": [0, 0, 6, 6], "texture": "#obsidian"},
				"up": {"uv": [10, 0, 16, 6], "rotation": 270, "texture": "#obsidian"}
			}
		},
		{
			"from": [25, 19, 11],
			"to": [28, 22, 14],
			"rotation": {"angle": 0, "axis": "y", "origin": [10, 19, 10]},
			"faces": {
				"east": {"uv": [0, 0, 6, 6], "texture": "#obsidian"},
				"south": {"uv": [10, 0, 16, 6], "texture": "#obsidian"},
				"up": {"uv": [0, 10, 6, 16], "rotation": 270, "texture": "#obsidian"}
			}
		},
		{
			"from": [25, 19, 8],
			"to": [28, 22, 11],
			"rotation": {"angle": 0, "axis": "y", "origin": [10, 19, 10]},
			"faces": {
				"north": {"uv": [0, 0, 6, 6], "texture": "#obsidian"},
				"east": {"uv": [10, 0, 16, 6], "texture": "#obsidian"},
				"up": {"uv": [10, 10, 16, 16], "rotation": 270, "texture": "#obsidian"}
			}
		},
		{
			"name": "label",
			"from": [22.5, 16.5, 14.01],
			"to": [27.5, 21.5, 14.01],
			"rotation": {"angle": 0, "axis": "y", "origin": [10, 19, 10]},
			"faces": {
				"south": {"uv": [0, 0, 16, 16], "texture": "#label_acacia"}
			}
		},
		{
			"name": "label",
			"from": [22.5, 16.5, 7.99],
			"to": [27.5, 21.5, 7.99],
			"rotation": {"angle": 0, "axis": "y", "origin": [10, 19, 10]},
			"faces": {
				"north": {"uv": [0, 0, 16, 16], "texture": "#label_acacia"}
			}
		},
		{
			"from": [16, 8, 9],
			"to": [19, 11, 12],
			"rotation": {"angle": -22.5, "axis": "y", "origin": [19, 11, 12]},
			"faces": {
				"north": {"uv": [10, 10, 16, 16], "texture": "#polished_andesite"},
				"west": {"uv": [0, 10, 6, 16], "texture": "#polished_andesite"}
			}
		},
		{
			"from": [19, 8, 12],
			"to": [22, 11, 15],
			"rotation": {"angle": -22.5, "axis": "y", "origin": [19, 11, 12]},
			"faces": {
				"east": {"uv": [0, 10, 6, 16], "texture": "#polished_andesite"},
				"south": {"uv": [10, 10, 16, 16], "texture": "#polished_andesite"}
			}
		},
		{
			"from": [19, 8, 9],
			"to": [22, 11, 12],
			"rotation": {"angle": -22.5, "axis": "y", "origin": [19, 11, 12]},
			"faces": {
				"north": {"uv": [0, 10, 6, 16], "texture": "#polished_andesite"},
				"east": {"uv": [10, 10, 16, 16], "texture": "#polished_andesite"}
			}
		},
		{
			"from": [16, 8, 12],
			"to": [19, 11, 15],
			"rotation": {"angle": -22.5, "axis": "y", "origin": [19, 11, 12]},
			"faces": {
				"south": {"uv": [0, 10, 6, 16], "texture": "#polished_andesite"},
				"west": {"uv": [10, 10, 16, 16], "texture": "#polished_andesite"}
			}
		},
		{
			"from": [16, 11, 12],
			"to": [19, 14, 15],
			"rotation": {"angle": -22.5, "axis": "y", "origin": [19, 11, 12]},
			"faces": {
				"south": {"uv": [0, 0, 6, 6], "texture": "#polished_andesite"},
				"west": {"uv": [10, 0, 16, 6], "texture": "#polished_andesite"},
				"up": {"uv": [0, 0, 6, 6], "rotation": 270, "texture": "#polished_andesite"}
			}
		},
		{
			"from": [16, 11, 9],
			"to": [19, 14, 12],
			"rotation": {"angle": -22.5, "axis": "y", "origin": [19, 11, 12]},
			"faces": {
				"north": {"uv": [10, 0, 16, 6], "texture": "#polished_andesite"},
				"west": {"uv": [0, 0, 6, 6], "texture": "#polished_andesite"},
				"up": {"uv": [10, 0, 16, 6], "rotation": 270, "texture": "#polished_andesite"}
			}
		},
		{
			"from": [19, 11, 12],
			"to": [22, 14, 15],
			"rotation": {"angle": -22.5, "axis": "y", "origin": [19, 11, 12]},
			"faces": {
				"east": {"uv": [0, 0, 6, 6], "texture": "#polished_andesite"},
				"south": {"uv": [10, 0, 16, 6], "texture": "#polished_andesite"},
				"up": {"uv": [0, 10, 6, 16], "rotation": 270, "texture": "#polished_andesite"}
			}
		},
		{
			"from": [19, 11, 9],
			"to": [22, 14, 12],
			"rotation": {"angle": -22.5, "axis": "y", "origin": [19, 11, 12]},
			"faces": {
				"north": {"uv": [0, 0, 6, 6], "texture": "#polished_andesite"},
				"east": {"uv": [10, 0, 16, 6], "texture": "#polished_andesite"},
				"up": {"uv": [10, 10, 16, 16], "rotation": 270, "texture": "#polished_andesite"}
			}
		},
		{
			"name": "label",
			"from": [16.5, 8.5, 15.01],
			"to": [21.5, 13.5, 15.01],
			"rotation": {"angle": -22.5, "axis": "y", "origin": [19, 11, 12]},
			"faces": {
				"south": {"uv": [0, 0, 16, 16], "texture": "#label_dark_oak"}
			}
		},
		{
			"name": "label",
			"from": [16.5, 8.5, 8.99],
			"to": [21.5, 13.5, 8.99],
			"rotation": {"angle": -22.5, "axis": "y", "origin": [19, 11, 12]},
			"faces": {
				"north": {"uv": [0, 0, 16, 16], "texture": "#label_dark_oak"}
			}
		},
		{
			"from": [16, 16, 2],
			"to": [19, 19, 5],
			"rotation": {"angle": -22.5, "axis": "y", "origin": [19, 19, 5]},
			"faces": {
				"north": {"uv": [10, 10, 16, 16], "texture": "#andesite"},
				"west": {"uv": [0, 10, 6, 16], "texture": "#andesite"}
			}
		},
		{
			"from": [19, 16, 5],
			"to": [22, 19, 8],
			"rotation": {"angle": -22.5, "axis": "y", "origin": [19, 19, 5]},
			"faces": {
				"east": {"uv": [0, 10, 6, 16], "texture": "#andesite"},
				"south": {"uv": [10, 10, 16, 16], "texture": "#andesite"}
			}
		},
		{
			"from": [19, 16, 2],
			"to": [22, 19, 5],
			"rotation": {"angle": -22.5, "axis": "y", "origin": [19, 19, 5]},
			"faces": {
				"north": {"uv": [0, 10, 6, 16], "texture": "#andesite"},
				"east": {"uv": [10, 10, 16, 16], "texture": "#andesite"}
			}
		},
		{
			"from": [16, 16, 5],
			"to": [19, 19, 8],
			"rotation": {"angle": -22.5, "axis": "y", "origin": [19, 19, 5]},
			"faces": {
				"south": {"uv": [0, 10, 6, 16], "texture": "#andesite"},
				"west": {"uv": [10, 10, 16, 16], "texture": "#andesite"}
			}
		},
		{
			"from": [16, 19, 5],
			"to": [19, 22, 8],
			"rotation": {"angle": -22.5, "axis": "y", "origin": [19, 19, 5]},
			"faces": {
				"south": {"uv": [0, 0, 6, 6], "texture": "#andesite"},
				"west": {"uv": [10, 0, 16, 6], "texture": "#andesite"},
				"up": {"uv": [0, 0, 6, 6], "rotation": 270, "texture": "#andesite"}
			}
		},
		{
			"from": [16, 19, 2],
			"to": [19, 22, 5],
			"rotation": {"angle": -22.5, "axis": "y", "origin": [19, 19, 5]},
			"faces": {
				"north": {"uv": [10, 0, 16, 6], "texture": "#andesite"},
				"west": {"uv": [0, 0, 6, 6], "texture": "#andesite"},
				"up": {"uv": [10, 0, 16, 6], "rotation": 270, "texture": "#andesite"}
			}
		},
		{
			"from": [19, 19, 5],
			"to": [22, 22, 8],
			"rotation": {"angle": -22.5, "axis": "y", "origin": [19, 19, 5]},
			"faces": {
				"east": {"uv": [0, 0, 6, 6], "texture": "#andesite"},
				"south": {"uv": [10, 0, 16, 6], "texture": "#andesite"},
				"up": {"uv": [0, 10, 6, 16], "rotation": 270, "texture": "#andesite"}
			}
		},
		{
			"from": [19, 19, 2],
			"to": [22, 22, 5],
			"rotation": {"angle": -22.5, "axis": "y", "origin": [19, 19, 5]},
			"faces": {
				"north": {"uv": [0, 0, 6, 6], "texture": "#andesite"},
				"east": {"uv": [10, 0, 16, 6], "texture": "#andesite"},
				"up": {"uv": [10, 10, 16, 16], "rotation": 270, "texture": "#andesite"}
			}
		},
		{
			"name": "label",
			"from": [16.5, 16.5, 8.01],
			"to": [21.5, 21.5, 8.01],
			"rotation": {"angle": -22.5, "axis": "y", "origin": [19, 19, 5]},
			"faces": {
				"south": {"uv": [0, 0, 16, 16], "texture": "#label_mangrove"}
			}
		},
		{
			"name": "label",
			"from": [16.5, 16.5, 1.99],
			"to": [21.5, 21.5, 1.99],
			"rotation": {"angle": -22.5, "axis": "y", "origin": [19, 19, 5]},
			"faces": {
				"north": {"uv": [0, 0, 16, 16], "texture": "#label_mangrove"}
			}
		},
		{
			"from": [4, 16, 3],
			"to": [7, 19, 6],
			"rotation": {"angle": 0, "axis": "y", "origin": [4, 19, 6]},
			"faces": {
				"north": {"uv": [0, 10, 6, 16], "texture": "#blue_wool"},
				"east": {"uv": [10, 10, 16, 16], "texture": "#blue_wool"}
			}
		},
		{
			"from": [1, 16, 6],
			"to": [4, 19, 9],
			"rotation": {"angle": 0, "axis": "y", "origin": [4, 19, 6]},
			"faces": {
				"south": {"uv": [0, 10, 6, 16], "texture": "#blue_wool"},
				"west": {"uv": [10, 10, 16, 16], "texture": "#blue_wool"}
			}
		},
		{
			"from": [4, 16, 6],
			"to": [7, 19, 9],
			"rotation": {"angle": 0, "axis": "y", "origin": [4, 19, 6]},
			"faces": {
				"east": {"uv": [0, 10, 6, 16], "texture": "#blue_wool"},
				"south": {"uv": [10, 10, 16, 16], "texture": "#blue_wool"}
			}
		},
		{
			"from": [1, 16, 3],
			"to": [4, 19, 6],
			"rotation": {"angle": 0, "axis": "y", "origin": [4, 19, 6]},
			"faces": {
				"north": {"uv": [10, 10, 16, 16], "texture": "#blue_wool"},
				"west": {"uv": [0, 10, 6, 16], "texture": "#blue_wool"}
			}
		},
		{
			"from": [1, 19, 3],
			"to": [4, 22, 6],
			"rotation": {"angle": 0, "axis": "y", "origin": [4, 19, 6]},
			"faces": {
				"north": {"uv": [10, 0, 16, 6], "texture": "#blue_wool"},
				"west": {"uv": [0, 0, 6, 6], "texture": "#blue_wool"},
				"up": {"uv": [0, 0, 6, 6], "texture": "#blue_wool"}
			}
		},
		{
			"from": [4, 19, 3],
			"to": [7, 22, 6],
			"rotation": {"angle": 0, "axis": "y", "origin": [4, 19, 6]},
			"faces": {
				"north": {"uv": [0, 0, 6, 6], "texture": "#blue_wool"},
				"east": {"uv": [10, 0, 16, 6], "texture": "#blue_wool"},
				"up": {"uv": [10, 0, 16, 6], "texture": "#blue_wool"}
			}
		},
		{
			"from": [1, 19, 6],
			"to": [4, 22, 9],
			"rotation": {"angle": 0, "axis": "y", "origin": [4, 19, 6]},
			"faces": {
				"south": {"uv": [0, 0, 6, 6], "texture": "#blue_wool"},
				"west": {"uv": [10, 0, 16, 6], "texture": "#blue_wool"},
				"up": {"uv": [0, 10, 6, 16], "texture": "#blue_wool"}
			}
		},
		{
			"from": [4, 19, 6],
			"to": [7, 22, 9],
			"rotation": {"angle": 0, "axis": "y", "origin": [4, 19, 6]},
			"faces": {
				"east": {"uv": [0, 0, 6, 6], "texture": "#blue_wool"},
				"south": {"uv": [10, 0, 16, 6], "texture": "#blue_wool"},
				"up": {"uv": [10, 10, 16, 16], "texture": "#blue_wool"}
			}
		},
		{
			"name": "label",
			"from": [1.5, 16.5, 2.99],
			"to": [6.5, 21.5, 2.99],
			"rotation": {"angle": 0, "axis": "y", "origin": [4, 19, 6]},
			"faces": {
				"north": {"uv": [0, 0, 16, 16], "texture": "#label_crimson"}
			}
		},
		{
			"name": "label",
			"from": [1.5, 16.5, 9.01],
			"to": [6.5, 21.5, 9.01],
			"rotation": {"angle": 0, "axis": "y", "origin": [4, 19, 6]},
			"faces": {
				"south": {"uv": [0, 0, 16, 16], "texture": "#label_crimson"}
			}
		},
		{
			"name": "top_shelf",
			"from": [0, 15, 0],
			"to": [16, 16, 16],
			"faces": {
				"north": {"uv": [0, 0, 16, 1], "rotation": 180, "texture": "#shelf", "cullface": "north"},
				"south": {"uv": [0, 15, 16, 16], "texture": "#shelf", "cullface": "south"},
				"west": {"uv": [0, 0, 1, 16], "rotation": 270, "texture": "#shelf", "cullface": "west"},
				"up": {"uv": [0, 0, 16, 16], "texture": "#shelf_right", "cullface": "up"},
				"down": {"uv": [16, 0, 0, 16], "rotation": 180, "texture": "#shelf_right"}
			}
		},
		{
			"name": "bottom_shelf",
			"from": [0, 7, 0],
			"to": [16, 8, 16],
			"faces": {
				"north": {"uv": [0, 0, 16, 1], "rotation": 180, "texture": "#shelf", "cullface": "north"},
				"south": {"uv": [0, 15, 16, 16], "texture": "#shelf", "cullface": "south"},
				"west": {"uv": [0, 0, 1, 16], "rotation": 270, "texture": "#shelf", "cullface": "west"},
				"up": {"uv": [0, 0, 16, 16], "texture": "#shelf_right"},
				"down": {"uv": [16, 0, 0, 16], "rotation": 180, "texture": "#shelf_right"}
			}
		},
		{
			"name": "leg_sw",
			"from": [1, 0, 14],
			"to": [1, 15, 15],
			"faces": {
				"east": {"uv": [0, 1, 1, 16], "texture": "#legs"},
				"west": {"uv": [0, 1, 1, 16], "texture": "#legs"}
			}
		},
		{
			"name": "leg_sw",
			"from": [1, 0, 15],
			"to": [2, 15, 15],
			"faces": {
				"north": {"uv": [0, 1, 1, 16], "texture": "#legs"},
				"south": {"uv": [0, 1, 1, 16], "texture": "#legs"}
			}
		},
		{
			"name": "leg_nw",
			"from": [1, 0, 1],
			"to": [1, 15, 2],
			"faces": {
				"east": {"uv": [0, 1, 1, 16], "texture": "#legs"},
				"west": {"uv": [0, 1, 1, 16], "texture": "#legs"}
			}
		},
		{
			"name": "leg_nw",
			"from": [1, 0, 1],
			"to": [2, 15, 1],
			"faces": {
				"north": {"uv": [0, 1, 1, 16], "texture": "#legs"},
				"south": {"uv": [0, 1, 1, 16], "texture": "#legs"}
			}
		},
		{
			"name": "top_shelf",
			"from": [16, 15, 0],
			"to": [32, 16, 16],
			"faces": {
				"north": {"uv": [0, 0, 16, 1], "rotation": 180, "texture": "#shelf"},
				"east": {"uv": [15, 0, 16, 16], "rotation": 90, "texture": "#shelf"},
				"south": {"uv": [0, 15, 16, 16], "texture": "#shelf"},
				"up": {"uv": [0, 0, 16, 16], "texture": "#shelf_left"},
				"down": {"uv": [16, 0, 0, 16], "rotation": 180, "texture": "#shelf_left"}
			}
		},
		{
			"name": "bottom_shelf",
			"from": [16, 7, 0],
			"to": [32, 8, 16],
			"faces": {
				"north": {"uv": [0, 0, 16, 1], "rotation": 180, "texture": "#shelf"},
				"east": {"uv": [15, 0, 16, 16], "rotation": 90, "texture": "#shelf"},
				"south": {"uv": [0, 15, 16, 16], "texture": "#shelf"},
				"up": {"uv": [0, 0, 16, 16], "texture": "#shelf_left"},
				"down": {"uv": [16, 0, 0, 16], "rotation": 180, "texture": "#shelf_left"}
			}
		},
		{
			"name": "leg_se",
			"from": [31, 0, 14],
			"to": [31, 15, 15],
			"faces": {
				"east": {"uv": [0, 1, 1, 16], "texture": "#legs"},
				"west": {"uv": [0, 1, 1, 16], "texture": "#legs"}
			}
		},
		{
			"name": "leg_se",
			"from": [30, 0, 15],
			"to": [31, 15, 15],
			"faces": {
				"north": {"uv": [0, 1, 1, 16], "texture": "#legs"},
				"south": {"uv": [0, 1, 1, 16], "texture": "#legs"}
			}
		},
		{
			"name": "leg_ne",
			"from": [31, 0, 1],
			"to": [31, 15, 2],
			"faces": {
				"east": {"uv": [0, 1, 1, 16], "texture": "#legs"},
				"west": {"uv": [0, 1, 1, 16], "texture": "#legs"}
			}
		},
		{
			"name": "leg_ne",
			"from": [30, 0, 1],
			"to": [31, 15, 1],
			"faces": {
				"north": {"uv": [0, 1, 1, 16], "texture": "#legs"},
				"south": {"uv": [0, 1, 1, 16], "texture": "#legs"}
			}
		}
	],
	"display": {
		"thirdperson_righthand": {
			"rotation": [75, 45, 0],
			"translation": [0, 2.5, 0],
			"scale": [0.375, 0.375, 0.375]
		},
		"thirdperson_lefthand": {
			"rotation": [75, 45, 0],
			"translation": [0, 2.5, 0],
			"scale": [0.375, 0.375, 0.375]
		},
		"firstperson_righthand": {
			"rotation": [0, 45, 0],
			"scale": [0.4, 0.4, 0.4]
		},
		"firstperson_lefthand": {
			"rotation": [0, 225, 0],
			"scale": [0.4, 0.4, 0.4]
		},
		"ground": {
			"translation": [0, 3, 0],
			"scale": [0.25, 0.25, 0.25]
		},
		"gui": {
			"rotation": [30, 225, 0],
			"scale": [0.625, 0.625, 0.625]
		},
		"fixed": {
			"scale": [0.5, 0.5, 0.5]
		}
	},
	"groups": [
		{
			"name": "bricks",
			"origin": [14.5, 8, 10],
			"color": 0,
			"nbt": "{}",
			"children": [0, 1, 2, 3, 4, 5, 6, 7, 8, 9]
		},
		{
			"name": "sand",
			"origin": [13, 16, 8],
			"color": 0,
			"nbt": "{}",
			"children": [10, 11, 12, 13, 14, 15, 16, 17, 18, 19]
		},
		{
			"name": "orange_wool",
			"origin": [7, 16, 3],
			"color": 0,
			"nbt": "{}",
			"children": [20, 21, 22, 23, 24, 25, 26, 27, 28, 29]
		},
		{
			"name": "dirt",
			"origin": [8, 8, 4],
			"color": 0,
			"nbt": "{}",
			"children": [30, 31, 32, 33, 34, 35, 36, 37, 38, 39]
		},
		{
			"name": "obsidian",
			"origin": [13, 16, 8],
			"color": 0,
			"nbt": "{}",
			"children": [40, 41, 42, 43, 44, 45, 46, 47, 48, 49]
		},
		{
			"name": "polished_andesite",
			"origin": [13, 16, 8],
			"color": 0,
			"nbt": "{}",
			"children": [50, 51, 52, 53, 54, 55, 56, 57, 58, 59]
		},
		{
			"name": "andesite",
			"origin": [13, 16, 8],
			"color": 0,
			"nbt": "{}",
			"children": [60, 61, 62, 63, 64, 65, 66, 67, 68, 69]
		},
		{
			"name": "blue_wool",
			"origin": [14.5, 8, 10],
			"color": 0,
			"nbt": "{}",
			"children": [70, 71, 72, 73, 74, 75, 76, 77, 78, 79]
		},
		{
			"name": "rack_right",
			"origin": [8, 8, 8],
			"color": 0,
			"nbt": "{}",
			"children": [80, 81, 82, 83, 84, 85]
		},
		{
			"name": "rack_left",
			"origin": [8, 8, 8],
			"color": 0,
			"nbt": "{}",
			"children": [86, 87, 88, 89, 90, 91]
		}
	]
}