{
	"credit": "Made with Blockbench",
	"ambientocclusion": false,
	"textures": {
		"0": "block/acacia_planks",
		"1": "block/oak_planks",
		"particle": "block/acacia_planks"
	},
	"elements": [
		{
			"name": "door_upper_inner_1",
			"from": [0, 10, 2],
			"to": [3, 13, 14],
			"rotation": {"angle": 0, "axis": "y", "origin": [0, 0, 16]},
			"faces": {
				"north": {"uv": [0, 3, 3, 6], "texture": "#0"},
				"east": {"uv": [2, 3, 14, 6], "texture": "#0"},
				"south": {"uv": [13, 3, 16, 6], "texture": "#0"},
				"west": {"uv": [2, 3, 14, 6], "texture": "#0", "cullface": "west"},
				"up": {"uv": [2, 0, 14, 3], "rotation": 90, "texture": "#0"}
			}
		},
		{
			"name": "door_upper_inner_2",
			"from": [0, 0, 2],
			"to": [3, 10, 5],
			"rotation": {"angle": 0, "axis": "y", "origin": [0, 0, 16]},
			"faces": {
				"north": {"uv": [13, 6, 16, 16], "texture": "#0"},
				"east": {"uv": [11, 6, 14, 16], "texture": "#0"},
				"west": {"uv": [2, 6, 5, 16], "texture": "#0", "cullface": "west"}
			}
		},
		{
			"name": "door_upper_inner_3",
			"from": [0, 8, 7],
			"to": [3, 10, 9],
			"rotation": {"angle": 0, "axis": "y", "origin": [0, 0, 16]},
			"faces": {
				"east": {"uv": [7, 6, 9, 8], "texture": "#0"},
				"west": {"uv": [7, 6, 9, 8], "texture": "#0", "cullface": "west"}
			}
		},
		{
			"name": "door_upper_inner_4",
			"from": [0, 0, 11],
			"to": [3, 10, 14],
			"rotation": {"angle": 0, "axis": "y", "origin": [0, 0, 16]},
			"faces": {
				"east": {"uv": [2, 6, 5, 16], "texture": "#0"},
				"south": {"uv": [0, 6, 3, 16], "texture": "#0"},
				"west": {"uv": [11, 6, 14, 16], "texture": "#0", "cullface": "west"}
			}
		},
		{
			"name": "door_upper_inner_5",
			"from": [0, 7, 9],
			"to": [3, 8, 11],
			"rotation": {"angle": 0, "axis": "y", "origin": [0, 0, 16]},
			"faces": {
				"east": {"uv": [5, 9, 7, 8], "texture": "#0"},
				"west": {"uv": [9, 8, 11, 9], "texture": "#0", "cullface": "west"}
			}
		},
		{
			"name": "door_upper_inner_6",
			"from": [0, 7, 5],
			"to": [3, 8, 7],
			"rotation": {"angle": 0, "axis": "y", "origin": [0, 0, 16]},
			"faces": {
				"east": {"uv": [9, 8, 11, 9], "texture": "#0"},
				"west": {"uv": [5, 8, 7, 9], "texture": "#0", "cullface": "west"}
			}
		},
		{
			"name": "door_upper_inner_7",
			"from": [0, 0, 10],
			"to": [3, 7, 11],
			"rotation": {"angle": 0, "axis": "y", "origin": [0, 0, 16]},
			"faces": {
				"east": {"uv": [5, 9, 6, 16], "texture": "#0"},
				"west": {"uv": [10, 9, 11, 16], "texture": "#0", "cullface": "west"}
			}
		},
		{
			"name": "door_upper_inner_8",
			"from": [0, 0, 5],
			"to": [3, 7, 6],
			"rotation": {"angle": 0, "axis": "y", "origin": [0, 0, 16]},
			"faces": {
				"east": {"uv": [10, 9, 11, 16], "texture": "#0"},
				"west": {"uv": [5, 9, 6, 16], "texture": "#0", "cullface": "west"}
			}
		},
		{
			"name": "door_upper_inner_9",
			"from": [0, 4, 7],
			"to": [3, 5, 9],
			"rotation": {"angle": 0, "axis": "y", "origin": [0, 0, 16]},
			"faces": {
				"east": {"uv": [7, 11, 9, 12], "texture": "#0"},
				"west": {"uv": [7, 11, 9, 12], "texture": "#0", "cullface": "west"}
			}
		},
		{
			"name": "door_upper_inner_10",
			"from": [0, 0, 6],
			"to": [3, 4, 10],
			"rotation": {"angle": 0, "axis": "y", "origin": [0, 0, 16]},
			"faces": {
				"east": {"uv": [6, 12, 10, 16], "texture": "#0"},
				"west": {"uv": [6, 12, 10, 16], "texture": "#0", "cullface": "west"}
			}
		},
		{
			"name": "door_upper_outer_1",
			"from": [0, 13, 0],
			"to": [3, 16, 16],
			"rotation": {"angle": 0, "axis": "y", "origin": [0, 0, 16]},
			"faces": {
				"north": {"uv": [13, 0, 16, 3], "texture": "#1"},
				"east": {"uv": [0, 0, 16, 3], "texture": "#1"},
				"south": {"uv": [0, 0, 3, 3], "texture": "#1"},
				"west": {"uv": [0, 0, 16, 3], "texture": "#1"},
				"up": {"uv": [0, 0, 16, 3], "rotation": 90, "texture": "#1"},
				"down": {"uv": [16, 0, 0, 3], "rotation": 270, "texture": "#1"}
			}
		},
		{
			"name": "door_upper_outer_10",
			"from": [0, 0, 14],
			"to": [3, 13, 16],
			"rotation": {"angle": 0, "axis": "y", "origin": [0, 0, 16]},
			"faces": {
				"north": {"uv": [16, 3, 13, 16], "texture": "#1"},
				"east": {"uv": [0, 3, 2, 16], "texture": "#1"},
				"south": {"uv": [0, 3, 3, 16], "texture": "#1"},
				"west": {"uv": [14, 3, 16, 16], "texture": "#1"}
			}
		},
		{
			"name": "door_upper_outer_15",
			"from": [0, 0, 0],
			"to": [3, 13, 2],
			"rotation": {"angle": 0, "axis": "y", "origin": [0, 0, 16]},
			"faces": {
				"north": {"uv": [13, 3, 16, 16], "texture": "#1"},
				"east": {"uv": [14, 3, 16, 16], "texture": "#1"},
				"south": {"uv": [3, 3, 0, 16], "texture": "#1"},
				"west": {"uv": [0, 3, 2, 16], "texture": "#1"}
			}
		},
		{
			"name": "door_handle",
			"from": [-0.01, 0, 3],
			"to": [3.01, 1, 4],
			"faces": {
				"east": {"uv": [12, 15, 13, 16], "texture": "#1"},
				"west": {"uv": [3, 15, 4, 16], "texture": "#1"}
			}
		},
		{
			"name": "door_handle",
			"from": [-0.01, 1, 3],
			"to": [3.01, 2, 6],
			"faces": {
				"east": {"uv": [10, 14, 13, 15], "texture": "#1"},
				"west": {"uv": [3, 14, 6, 15], "texture": "#1"}
			}
		}
	],
	"groups": [
		{
			"name": "door_upper_inner",
			"origin": [8, 8, 8],
			"color": 0,
			"children": []
		},
		{
			"name": "door_upper_outer",
			"origin": [8, 8, 8],
			"color": 0,
			"children": []
		},
		{
			"name": "door_upper_inner",
			"origin": [8, 8, 8],
			"color": 0,
			"children": [0, 1, 2, 3, 4, 5, 6, 7, 8, 9]
		},
		{
			"name": "door_upper_outer",
			"origin": [8, 8, 8],
			"color": 0,
			"children": [10, 11, 12]
		},
		13,
		14
	]
}