{
	"credit": "Made with Blockbench",
	"parent": "item/generated",
	"textures": {
		"layer0": "minecolonies:item/pharaoh_scepter"
	},
	"display": {
		"thirdperson_righthand": {
			"rotation": [0, -90, 45],
			"translation": [0, 6.5, 2],
			"scale": [1.41, 1.41, 1.41]
		},
		"thirdperson_lefthand": {
			"rotation": [0, 90, -45],
			"translation": [0, 6.5, 2],
			"scale": [1.41, 1.41, 1.41]
		},
		"firstperson_righthand": {
			"rotation": [0, -90, 25],
			"translation": [0, 4, 1.85],
			"scale": [1, 1, 0.68]
		},
		"firstperson_lefthand": {
			"rotation": [0, 90, -25],
			"translation": [1.13, 3.2, 1.13],
			"scale": [1, 1, 0.68]
		},
		"ground": {
			"scale": [0.85, 0.85, 0.5]
		},
		"gui": {
			"translation": [0.25, 0, 0],
			"scale": [1.4, 1.4, 1]
		},
		"head": {
			"rotation": [0, 180, 0],
			"translation": [-3, 13, 7],
			"scale": [1.47, 1.47, 1]
		},
		"fixed": {
			"rotation": [0, 180, 0],
			"translation": [0, 0, 0.5],
			"scale": [1.5, 1.5, 1]
		}
	}
}