{
	"credit": "Made with Blockbench",
	"parent": "block/block",
	"ambientocclusion": false,
	"textures": {
		"particle": "minecolonies:block/hut_base_side",
		"shelf": "minecolonies:block/hut_base_side",
		"shelf_left": "minecolonies:block/double_rack_left",
		"shelf_right": "minecolonies:block/double_rack_right",
		"legs": "minecolonies:block/rack_legs"
	},
	"elements": [
		{
			"name": "top_shelf",
			"from": [0, 15, 0],
			"to": [16, 16, 16],
			"faces": {
				"north": {"uv": [0, 0, 16, 1], "rotation": 180, "texture": "#shelf", "cullface": "north"},
				"south": {"uv": [0, 15, 16, 16], "texture": "#shelf", "cullface": "south"},
				"west": {"uv": [0, 0, 1, 16], "rotation": 270, "texture": "#shelf", "cullface": "west"},
				"up": {"uv": [0, 0, 16, 16], "texture": "#shelf_right", "cullface": "up"},
				"down": {"uv": [16, 0, 0, 16], "rotation": 180, "texture": "#shelf_right"}
			}
		},
		{
			"name": "bottom_shelf",
			"from": [0, 7, 0],
			"to": [16, 8, 16],
			"faces": {
				"north": {"uv": [0, 0, 16, 1], "rotation": 180, "texture": "#shelf", "cullface": "north"},
				"south": {"uv": [0, 15, 16, 16], "texture": "#shelf", "cullface": "south"},
				"west": {"uv": [0, 0, 1, 16], "rotation": 270, "texture": "#shelf", "cullface": "west"},
				"up": {"uv": [0, 0, 16, 16], "texture": "#shelf_right"},
				"down": {"uv": [16, 0, 0, 16], "rotation": 180, "texture": "#shelf_right"}
			}
		},
		{
			"name": "leg_sw",
			"from": [1, 0, 14],
			"to": [1, 15, 15],
			"faces": {
				"east": {"uv": [0, 1, 1, 16], "texture": "#legs"},
				"west": {"uv": [0, 1, 1, 16], "texture": "#legs"}
			}
		},
		{
			"name": "leg_sw",
			"from": [1, 0, 15],
			"to": [2, 15, 15],
			"faces": {
				"north": {"uv": [0, 1, 1, 16], "texture": "#legs"},
				"south": {"uv": [0, 1, 1, 16], "texture": "#legs"}
			}
		},
		{
			"name": "leg_nw",
			"from": [1, 0, 1],
			"to": [1, 15, 2],
			"faces": {
				"east": {"uv": [0, 1, 1, 16], "texture": "#legs"},
				"west": {"uv": [0, 1, 1, 16], "texture": "#legs"}
			}
		},
		{
			"name": "leg_nw",
			"from": [1, 0, 1],
			"to": [2, 15, 1],
			"faces": {
				"north": {"uv": [0, 1, 1, 16], "texture": "#legs"},
				"south": {"uv": [0, 1, 1, 16], "texture": "#legs"}
			}
		},
		{
			"name": "top_shelf",
			"from": [16, 15, 0],
			"to": [32, 16, 16],
			"faces": {
				"north": {"uv": [0, 0, 16, 1], "rotation": 180, "texture": "#shelf"},
				"east": {"uv": [15, 0, 16, 16], "rotation": 90, "texture": "#shelf"},
				"south": {"uv": [0, 15, 16, 16], "texture": "#shelf"},
				"up": {"uv": [0, 0, 16, 16], "texture": "#shelf_left"},
				"down": {"uv": [16, 0, 0, 16], "rotation": 180, "texture": "#shelf_left"}
			}
		},
		{
			"name": "bottom_shelf",
			"from": [16, 7, 0],
			"to": [32, 8, 16],
			"faces": {
				"north": {"uv": [0, 0, 16, 1], "rotation": 180, "texture": "#shelf"},
				"east": {"uv": [15, 0, 16, 16], "rotation": 90, "texture": "#shelf"},
				"south": {"uv": [0, 15, 16, 16], "texture": "#shelf"},
				"up": {"uv": [0, 0, 16, 16], "texture": "#shelf_left"},
				"down": {"uv": [16, 0, 0, 16], "rotation": 180, "texture": "#shelf_left"}
			}
		},
		{
			"name": "leg_se",
			"from": [31, 0, 14],
			"to": [31, 15, 15],
			"faces": {
				"east": {"uv": [0, 1, 1, 16], "texture": "#legs"},
				"west": {"uv": [0, 1, 1, 16], "texture": "#legs"}
			}
		},
		{
			"name": "leg_se",
			"from": [30, 0, 15],
			"to": [31, 15, 15],
			"faces": {
				"north": {"uv": [0, 1, 1, 16], "texture": "#legs"},
				"south": {"uv": [0, 1, 1, 16], "texture": "#legs"}
			}
		},
		{
			"name": "leg_ne",
			"from": [31, 0, 1],
			"to": [31, 15, 2],
			"faces": {
				"east": {"uv": [0, 1, 1, 16], "texture": "#legs"},
				"west": {"uv": [0, 1, 1, 16], "texture": "#legs"}
			}
		},
		{
			"name": "leg_ne",
			"from": [30, 0, 1],
			"to": [31, 15, 1],
			"faces": {
				"north": {"uv": [0, 1, 1, 16], "texture": "#legs"},
				"south": {"uv": [0, 1, 1, 16], "texture": "#legs"}
			}
		}
	],
	"display": {
		"thirdperson_righthand": {
			"rotation": [75, 45, 0],
			"translation": [0, 2.5, 0],
			"scale": [0.375, 0.375, 0.375]
		},
		"thirdperson_lefthand": {
			"rotation": [75, 45, 0],
			"translation": [0, 2.5, 0],
			"scale": [0.375, 0.375, 0.375]
		},
		"firstperson_righthand": {
			"rotation": [0, 45, 0],
			"scale": [0.4, 0.4, 0.4]
		},
		"firstperson_lefthand": {
			"rotation": [0, 225, 0],
			"scale": [0.4, 0.4, 0.4]
		},
		"ground": {
			"translation": [0, 3, 0],
			"scale": [0.25, 0.25, 0.25]
		},
		"gui": {
			"rotation": [30, 225, 0],
			"scale": [0.625, 0.625, 0.625]
		},
		"fixed": {
			"scale": [0.5, 0.5, 0.5]
		}
	},
	"groups": [
		{
			"name": "rack_right",
			"origin": [8, 8, 8],
			"color": 0,
			"nbt": "{}",
			"children": [0, 1, 2, 3, 4, 5]
		},
		{
			"name": "rack_left",
			"origin": [8, 8, 8],
			"color": 0,
			"nbt": "{}",
			"children": [6, 7, 8, 9, 10, 11]
		}
	]
}