{
	"credit": "Made with Blockbench",
	"parent": "minecraft:block/block",
	"textures": {
		"bottom": "minecolonies:block/mystical_site_hut_bottom",
		"particle": "minecolonies:block/mystical_site_hut_front",
		"front": "minecolonies:block/mystical_site_hut_front",
		"side": "minecolonies:block/mystical_site_hut_side",
		"top": "minecolonies:block/mystical_site_hut_top"
	},
	"elements": [
		{
			"name": "top",
			"from": [0, 11, 0],
			"to": [16, 16, 16],
			"rotation": {"angle": 0, "axis": "y", "origin": [8, 0, 8]},
			"faces": {
				"north": {"uv": [0, 0, 16, 5], "texture": "#front", "cullface": "north"},
				"east": {"uv": [0, 0, 16, 5], "texture": "#side", "cullface": "east"},
				"south": {"uv": [0, 0, 16, 5], "texture": "#side", "cullface": "south"},
				"west": {"uv": [0, 0, 16, 5], "texture": "#side", "cullface": "west"},
				"up": {"uv": [0, 0, 16, 16], "texture": "#top", "cullface": "up"},
				"down": {"uv": [0, 0, 16, 16], "texture": "#bottom"}
			}
		},
		{
			"name": "drawer",
			"from": [2, 7, 0],
			"to": [14, 11, 14],
			"rotation": {"angle": 0, "axis": "y", "origin": [8, 0, 8]},
			"faces": {
				"north": {"uv": [2, 5, 14, 9], "texture": "#front", "cullface": "north"},
				"east": {"uv": [2, 5, 16, 9], "texture": "#side"},
				"south": {"uv": [2, 5, 14, 9], "texture": "#side"},
				"west": {"uv": [16, 5, 2, 9], "texture": "#side"},
				"down": {"uv": [2, 2, 14, 16], "texture": "#bottom"}
			}
		},
		{
			"name": "leg",
			"from": [1, 0, 1],
			"to": [5, 11, 5],
			"rotation": {"angle": 0, "axis": "y", "origin": [8, 0, 8]},
			"faces": {
				"north": {"uv": [11, 5, 15, 16], "texture": "#front"},
				"east": {"uv": [11, 5, 15, 16], "texture": "#side"},
				"south": {"uv": [1, 5, 5, 16], "texture": "#side"},
				"west": {"uv": [1, 5, 5, 16], "texture": "#side"},
				"down": {"uv": [12, 0, 16, 4], "texture": "#bottom", "cullface": "down"}
			}
		},
		{
			"name": "leg",
			"from": [11, 0, 1],
			"to": [15, 11, 5],
			"rotation": {"angle": 0, "axis": "y", "origin": [8, 0, 8]},
			"faces": {
				"north": {"uv": [1, 5, 5, 16], "texture": "#front"},
				"east": {"uv": [11, 5, 15, 16], "texture": "#side"},
				"south": {"uv": [11, 5, 15, 16], "texture": "#side"},
				"west": {"uv": [1, 5, 5, 16], "texture": "#side"},
				"down": {"uv": [0, 0, 4, 4], "texture": "#bottom", "cullface": "down"}
			}
		},
		{
			"name": "leg",
			"from": [11, 0, 11],
			"to": [15, 11, 15],
			"rotation": {"angle": 0, "axis": "y", "origin": [8, 0, 8]},
			"faces": {
				"north": {"uv": [1, 5, 5, 16], "texture": "#side"},
				"east": {"uv": [1, 5, 5, 16], "texture": "#side"},
				"south": {"uv": [11, 5, 15, 16], "texture": "#side"},
				"west": {"uv": [11, 5, 15, 16], "texture": "#side"},
				"down": {"uv": [0, 12, 4, 16], "texture": "#bottom", "cullface": "down"}
			}
		},
		{
			"name": "leg",
			"from": [1, 0, 11],
			"to": [5, 11, 15],
			"rotation": {"angle": 0, "axis": "y", "origin": [8, 0, 8]},
			"faces": {
				"north": {"uv": [11, 5, 15, 16], "texture": "#side"},
				"east": {"uv": [1, 5, 5, 16], "texture": "#side"},
				"south": {"uv": [1, 5, 5, 16], "texture": "#side"},
				"west": {"uv": [11, 5, 15, 16], "texture": "#side"},
				"down": {"uv": [12, 12, 16, 16], "texture": "#bottom", "cullface": "down"}
			}
		}
	],
	"display": {
		"thirdperson_righthand": {
			"rotation": [75, 45, 0],
			"translation": [0, 2.5, 0],
			"scale": [0.375, 0.375, 0.375]
		},
		"thirdperson_lefthand": {
			"rotation": [75, 45, 0],
			"translation": [0, 2.5, 0],
			"scale": [0.375, 0.375, 0.375]
		},
		"firstperson_righthand": {
			"rotation": [0, 135, 0],
			"scale": [0.4, 0.4, 0.4]
		},
		"firstperson_lefthand": {
			"rotation": [0, 135, 0],
			"scale": [0.4, 0.4, 0.4]
		},
		"ground": {
			"translation": [0, 3, 0],
			"scale": [0.25, 0.25, 0.25]
		},
		"gui": {
			"rotation": [30, 225, 0],
			"scale": [0.625, 0.625, 0.625]
		},
		"fixed": {
			"scale": [0.5, 0.5, 0.5]
		}
	}
}