{
	"credit": "Made with Blockbench",
	"parent": "block/block",
	"render_type": "cutout",
	"textures": {
		"bottom": "minecolonies:block/sifter_hut_bottom",
		"inside": "minecolonies:block/sifter_hut_inside",
		"side": "minecolonies:block/sifter_hut_side",
		"sifts": "minecolonies:block/sifter_hut_sifts",
		"particle": "minecolonies:block/sifter_hut_top",
		"top": "minecolonies:block/sifter_hut_top"
	},
	"elements": [
		{
			"name": "north",
			"from": [4, 11, 0],
			"to": [12, 16, 3],
			"faces": {
				"north": {"uv": [4, 0, 12, 5], "texture": "#side", "cullface": "north"},
				"south": {"uv": [4, 0, 12, 5], "texture": "#inside"},
				"up": {"uv": [4, 0, 12, 3], "texture": "#top", "cullface": "up"},
				"down": {"uv": [4, 13, 12, 16], "texture": "#bottom"}
			}
		},
		{
			"name": "south",
			"from": [4, 11, 13],
			"to": [12, 16, 16],
			"faces": {
				"north": {"uv": [4, 0, 12, 5], "texture": "#inside"},
				"south": {"uv": [4, 0, 12, 5], "texture": "#side", "cullface": "south"},
				"up": {"uv": [4, 13, 12, 16], "texture": "#top", "cullface": "up"},
				"down": {"uv": [4, 0, 12, 3], "texture": "#bottom"}
			}
		},
		{
			"name": "east",
			"from": [13, 11, 4],
			"to": [16, 16, 12],
			"faces": {
				"east": {"uv": [4, 0, 12, 5], "texture": "#side", "cullface": "east"},
				"west": {"uv": [4, 0, 12, 5], "texture": "#inside"},
				"up": {"uv": [13, 4, 16, 12], "texture": "#top", "cullface": "up"},
				"down": {"uv": [13, 4, 16, 12], "texture": "#bottom"}
			}
		},
		{
			"name": "west",
			"from": [0, 11, 4],
			"to": [3, 16, 12],
			"faces": {
				"east": {"uv": [4, 0, 12, 5], "texture": "#inside"},
				"west": {"uv": [4, 0, 12, 5], "texture": "#side", "cullface": "west"},
				"up": {"uv": [0, 4, 3, 12], "texture": "#top", "cullface": "up"},
				"down": {"uv": [0, 4, 3, 12], "texture": "#bottom"}
			}
		},
		{
			"name": "mesh",
			"from": [0, 14, 0],
			"to": [16, 14, 16],
			"faces": {
				"up": {"uv": [0, 0, 16, 16], "texture": "#top"},
				"down": {"uv": [0, 0, 16, 16], "texture": "#top"}
			}
		},
		{
			"name": "sifts",
			"from": [0, 0, 0],
			"to": [16, 0.1, 16],
			"faces": {
				"up": {"uv": [0, 0, 16, 16], "texture": "#sifts"},
				"down": {"uv": [0, 0, 16, 16], "texture": "#sifts", "cullface": "down"}
			}
		},
		{
			"name": "leg",
			"from": [0, 0, 0],
			"to": [4, 16, 4],
			"faces": {
				"north": {"uv": [12, 0, 16, 16], "texture": "#side", "cullface": "north"},
				"east": {"uv": [12, 0, 16, 16], "texture": "#inside"},
				"south": {"uv": [0, 0, 4, 16], "texture": "#inside"},
				"west": {"uv": [0, 0, 4, 16], "texture": "#side", "cullface": "west"},
				"up": {"uv": [0, 0, 4, 4], "texture": "#top", "cullface": "up"},
				"down": {"uv": [12, 0, 16, 4], "texture": "#bottom"}
			}
		},
		{
			"name": "leg",
			"from": [12, 0, 0],
			"to": [16, 16, 4],
			"faces": {
				"north": {"uv": [0, 0, 4, 16], "texture": "#side", "cullface": "north"},
				"east": {"uv": [12, 0, 16, 16], "texture": "#side", "cullface": "east"},
				"south": {"uv": [12, 0, 16, 16], "texture": "#inside"},
				"west": {"uv": [0, 0, 4, 16], "texture": "#inside"},
				"up": {"uv": [12, 0, 16, 4], "texture": "#top", "cullface": "up"},
				"down": {"uv": [0, 0, 4, 4], "texture": "#bottom"}
			}
		},
		{
			"name": "leg",
			"from": [12, 0, 12],
			"to": [16, 16, 16],
			"faces": {
				"north": {"uv": [0, 0, 4, 16], "texture": "#inside"},
				"east": {"uv": [0, 0, 4, 16], "texture": "#side", "cullface": "east"},
				"south": {"uv": [12, 0, 16, 16], "texture": "#side", "cullface": "south"},
				"west": {"uv": [12, 0, 16, 16], "texture": "#inside"},
				"up": {"uv": [12, 12, 16, 16], "texture": "#top", "cullface": "up"},
				"down": {"uv": [0, 12, 4, 16], "texture": "#bottom"}
			}
		},
		{
			"name": "leg",
			"from": [0, 0, 12],
			"to": [4, 16, 16],
			"faces": {
				"north": {"uv": [12, 0, 16, 16], "texture": "#inside"},
				"east": {"uv": [0, 0, 4, 16], "texture": "#inside"},
				"south": {"uv": [0, 0, 4, 16], "texture": "#side", "cullface": "south"},
				"west": {"uv": [12, 0, 16, 16], "texture": "#side", "cullface": "west"},
				"up": {"uv": [0, 12, 4, 16], "texture": "#top", "cullface": "up"},
				"down": {"uv": [12, 12, 16, 16], "texture": "#bottom"}
			}
		}
	]
}