{
	"credit": "Made with Blockbench",
	"parent": "minecraft:block/block",
	"textures": {
		"back": "minecolonies:block/mechanic_hut_back",
		"bottom": "minecolonies:block/hut_base_top",
		"front": "minecolonies:block/mechanic_hut_front",
		"side": "minecolonies:block/mechanic_hut_side",
		"particle": "minecolonies:block/mechanic_hut_top",
		"top": "minecolonies:block/mechanic_hut_top"
	},
	"elements": [
		{
			"name": "main",
			"from": [0, 0, 0],
			"to": [16, 16, 16],
			"faces": {
				"north": {"uv": [0, 0, 16, 16], "texture": "#front", "cullface": "north"},
				"east": {"uv": [0, 0, 16, 16], "texture": "#side", "cullface": "east"},
				"south": {"uv": [0, 0, 16, 16], "texture": "#back", "cullface": "south"},
				"west": {"uv": [0, 0, 16, 16], "texture": "#side", "cullface": "west"},
				"up": {"uv": [0, 0, 16, 16], "texture": "#top", "cullface": "up"},
				"down": {"uv": [0, 0, 16, 16], "texture": "#bottom", "cullface": "down"}
			}
		}
	]
}