{
  "credit": "Made by d3miurge.vallek@gmail.com",
  "textures": {
    "0": "minecolonies:block/info/info_poster",
    "1": "minecolonies:block/info/info_poster_wax"
  },
  "elements": [
    {
      "from": [
        2,
        0,
        0
      ],
      "to": [
        14,
        8,
        0
      ],
      "faces": {
        "north": {
          "uv": [
            0,
            0,
            16,
            10.66641
          ],
          "texture": "#0"
        },
        "south": {
          "uv": [
            0,
            0,
            16,
            10.66641
          ],
          "texture": "#0"
        }
      }
    },
    {
      "from": [
        6.5,
        -1,
        -0.2
      ],
      "to": [
        9.5,
        2,
        -0.2
      ],
      "faces": {
        "north": {
          "uv": [
            0,
            0,
            16,
            16
          ],
          "texture": "#1"
        },
        "south": {
          "uv": [
            0,
            0,
            16,
            16
          ],
          "texture": "#1"
        }
      }
    },
    {
      "from": [
        6.5,
        -4,
        0.01
      ],
      "to": [
        9.5,
        1.25,
        0.01
      ],
      "faces": {
        "north": {
          "uv": [
            0,
            10.66641,
            3,
            15.91641
          ],
          "texture": "#0"
        },
        "south": {
          "uv": [
            0,
            10.66641,
            3,
            15.91641
          ],
          "texture": "#0"
        }
      }
    }
  ],
  "display": {
    "thirdperson_righthand": {
      "translation": [
        0,
        3,
        4.25
      ],
      "scale": [
        0.55,
        0.55,
        0.55
      ]
    },
    "thirdperson_lefthand": {
      "translation": [
        0,
        3,
        4.25
      ],
      "scale": [
        0.55,
        0.55,
        0.55
      ]
    },
    "firstperson_righthand": {
      "rotation": [
        0,
        116,
        0
      ],
      "translation": [
        3.5,
        5,
        0
      ],
      "scale": [
        0.4,
        0.4,
        0.4
      ]
    },
    "firstperson_lefthand": {
      "rotation": [
        0,
        116,
        0
      ],
      "translation": [
        3.5,
        5,
        0
      ],
      "scale": [
        0.4,
        0.4,
        0.4
      ]
    },
    "ground": {
      "rotation": [
        90,
        0,
        0
      ],
      "translation": [
        0,
        -6,
        3.5
      ],
      "scale": [
        0.5,
        0.5,
        0.5
      ]
    },
    "gui": {
      "rotation": [
        0,
        180,
        0
      ],
      "translation": [
        0,
        6.75,
        0
      ]
    },
    "head": {
      "rotation": [
        0,
        -1,
        0
      ],
      "translation": [
        0,
        13,
        0.5
      ]
    },
    "fixed": {
      "translation": [
        0,
        5.25,
        7.75
      ]
    }
  }
}
