{
	"credit": "Made with Blockbench",
	"parent": "minecraft:block/block",
	"render_type": "cutout",
	"textures": {
		"emerald": "block/emerald_block",
		"bottom": "minecolonies:block/warehouse_hut_bottom",
		"front": "minecolonies:block/warehouse_hut_front",
		"inside": "minecolonies:block/hut_base_side",
		"side": "minecolonies:block/warehouse_hut_side",
		"particle": "minecolonies:block/warehouse_hut_top",
		"top": "minecolonies:block/warehouse_hut_top",
		"book": "minecolonies:block/warehouse_hut_book"
	},
	"elements": [
		{
			"name": "top",
			"from": [0, 11, 0],
			"to": [16, 16, 16],
			"faces": {
				"north": {"uv": [0, 0, 16, 5], "texture": "#front", "cullface": "north"},
				"east": {"uv": [0, 0, 16, 5], "texture": "#side", "cullface": "east"},
				"south": {"uv": [0, 0, 16, 5], "texture": "#side", "cullface": "south"},
				"west": {"uv": [16, 0, 0, 5], "texture": "#side", "cullface": "west"},
				"up": {"uv": [0, 0, 16, 16], "rotation": 180, "texture": "#top", "cullface": "up"},
				"down": {"uv": [0, 0, 16, 16], "texture": "#bottom"}
			}
		},
		{
			"name": "leg",
			"from": [0, 0, 0],
			"to": [4, 11, 16],
			"faces": {
				"north": {"uv": [12, 5, 16, 16], "texture": "#front", "cullface": "north"},
				"east": {"uv": [0, 5, 16, 16], "texture": "#inside"},
				"south": {"uv": [0, 5, 4, 16], "texture": "#side", "cullface": "south"},
				"west": {"uv": [0, 5, 16, 16], "texture": "#side", "cullface": "west"},
				"down": {"uv": [0, 0, 4, 16], "texture": "#bottom", "cullface": "down"}
			}
		},
		{
			"name": "leg",
			"from": [12, 0, 0],
			"to": [16, 11, 16],
			"faces": {
				"north": {"uv": [0, 5, 4, 16], "texture": "#front", "cullface": "north"},
				"east": {"uv": [0, 5, 16, 16], "texture": "#side", "cullface": "east"},
				"south": {"uv": [12, 5, 16, 16], "texture": "#side", "cullface": "south"},
				"west": {"uv": [0, 5, 16, 16], "texture": "#inside"},
				"down": {"uv": [12, 0, 16, 16], "texture": "#bottom", "cullface": "down"}
			}
		},
		{
			"name": "leg",
			"from": [4, 0, 12],
			"to": [12, 11, 16],
			"faces": {
				"north": {"uv": [4, 5, 12, 16], "texture": "#inside"},
				"south": {"uv": [4, 5, 12, 16], "texture": "#side", "cullface": "south"},
				"down": {"uv": [4, 0, 12, 4], "texture": "#bottom", "cullface": "down"}
			}
		},
		{
			"name": "shelf",
			"from": [4, 4, 0],
			"to": [12, 5, 12],
			"faces": {
				"north": {"uv": [12, 0, 4, 1], "texture": "#inside", "cullface": "north"},
				"up": {"uv": [4, 0, 12, 12], "texture": "#inside"},
				"down": {"uv": [12, 0, 4, 12], "rotation": 180, "texture": "#inside"}
			}
		},
		{
			"from": [5, 5, 5],
			"to": [8, 8, 8],
			"faces": {
				"south": {"uv": [0, 13, 3, 16], "texture": "#emerald"},
				"west": {"uv": [13, 13, 16, 16], "texture": "#emerald"}
			}
		},
		{
			"from": [8, 5, 5],
			"to": [11, 8, 8],
			"faces": {
				"east": {"uv": [0, 13, 3, 16], "texture": "#emerald"},
				"south": {"uv": [13, 13, 16, 16], "texture": "#emerald"}
			}
		},
		{
			"from": [8, 5, 2],
			"to": [11, 8, 5],
			"faces": {
				"north": {"uv": [0, 13, 3, 16], "texture": "#emerald"},
				"east": {"uv": [13, 13, 16, 16], "texture": "#emerald"}
			}
		},
		{
			"from": [5, 5, 2],
			"to": [8, 8, 5],
			"faces": {
				"north": {"uv": [13, 13, 16, 16], "texture": "#emerald"},
				"west": {"uv": [0, 13, 3, 16], "texture": "#emerald"}
			}
		},
		{
			"from": [5, 8, 5],
			"to": [8, 11, 8],
			"faces": {
				"south": {"uv": [0, 0, 3, 3], "texture": "#emerald"},
				"west": {"uv": [13, 0, 16, 3], "texture": "#emerald"}
			}
		},
		{
			"from": [8, 8, 5],
			"to": [11, 11, 8],
			"faces": {
				"east": {"uv": [0, 0, 3, 3], "texture": "#emerald"},
				"south": {"uv": [13, 0, 16, 3], "texture": "#emerald"}
			}
		},
		{
			"from": [8, 8, 2],
			"to": [11, 11, 5],
			"faces": {
				"north": {"uv": [0, 0, 3, 3], "texture": "#emerald"},
				"east": {"uv": [13, 0, 16, 3], "texture": "#emerald"}
			}
		},
		{
			"from": [5, 8, 2],
			"to": [8, 11, 5],
			"faces": {
				"north": {"uv": [13, 0, 16, 3], "texture": "#emerald"},
				"west": {"uv": [0, 0, 3, 3], "texture": "#emerald"}
			}
		},
		{
			"name": "pages",
			"from": [2, 16, 3],
			"to": [8, 17, 13],
			"faces": {
				"north": {"uv": [3, 10, 9, 11], "texture": "#book"},
				"east": {"uv": [3, 1, 4, 11], "rotation": 270, "texture": "#book"},
				"south": {"uv": [3, 1, 9, 2], "rotation": 180, "texture": "#book"},
				"west": {"uv": [8, 1, 9, 11], "rotation": 90, "texture": "#book"},
				"up": {"uv": [3, 1, 9, 11], "rotation": 180, "texture": "#book"}
			}
		},
		{
			"name": "pages",
			"from": [8, 16.05, 3],
			"to": [14, 16.05, 13],
			"rotation": {"angle": 0, "axis": "z", "origin": [8, 16.1, 8]},
			"faces": {
				"up": {"uv": [2, 3, 8, 13], "rotation": 180, "texture": "#top"}
			}
		},
		{
			"name": "binding",
			"from": [9, 16, 2],
			"to": [9, 17.01, 14],
			"faces": {
				"east": {"uv": [0, 0, 1, 12], "rotation": 270, "texture": "#book", "cullface": "up"},
				"west": {"uv": [0, 0, 1, 12], "rotation": 270, "texture": "#book", "cullface": "up"}
			}
		},
		{
			"name": "binding",
			"from": [7, 16, 2],
			"to": [7, 17.01, 14],
			"faces": {
				"east": {"uv": [0, 0, 1, 12], "rotation": 270, "texture": "#book", "cullface": "up"},
				"west": {"uv": [0, 0, 1, 12], "rotation": 270, "texture": "#book", "cullface": "up"}
			}
		},
		{
			"name": "binding",
			"from": [7, 17.01, 2],
			"to": [9, 17.01, 14],
			"faces": {
				"up": {"uv": [0, 0, 2, 12], "texture": "#book", "cullface": "up"},
				"down": {"uv": [0, 0, 1, 12], "texture": "#book", "cullface": "up"}
			}
		},
		{
			"name": "binding",
			"from": [6.98, 16.02, 2],
			"to": [9, 16.02, 14],
			"faces": {
				"up": {"uv": [0, 0, 2.02, 12], "texture": "#book", "cullface": "up"},
				"down": {"uv": [0, 0, 1, 12], "texture": "#book", "cullface": "up"}
			}
		}
	],
	"display": {
		"thirdperson_righthand": {
			"rotation": [75, 45, 0],
			"translation": [0, 2.5, 0],
			"scale": [0.375, 0.375, 0.375]
		},
		"thirdperson_lefthand": {
			"rotation": [75, 45, 0],
			"translation": [0, 2.5, 0],
			"scale": [0.375, 0.375, 0.375]
		},
		"firstperson_righthand": {
			"rotation": [0, 135, 0],
			"scale": [0.4, 0.4, 0.4]
		},
		"firstperson_lefthand": {
			"rotation": [0, 135, 0],
			"scale": [0.4, 0.4, 0.4]
		},
		"ground": {
			"translation": [0, 3, 0],
			"scale": [0.25, 0.25, 0.25]
		},
		"gui": {
			"rotation": [30, -135, 0],
			"scale": [0.625, 0.625, 0.625]
		},
		"fixed": {
			"scale": [0.5, 0.5, 0.5]
		}
	},
	"groups": [
		0,
		1,
		2,
		3,
		4,
		{
			"name": "emerald",
			"origin": [0, 0, 0],
			"color": 0,
			"nbt": "{}",
			"children": [5, 6, 7, 8, 9, 10, 11, 12]
		},
		{
			"name": "book",
			"origin": [16, 0, 0],
			"color": 0,
			"nbt": "{}",
			"children": [13, 14, 15, 16, 17, 18]
		}
	]
}