{
	"credit": "Made with Blockbench",
	"parent": "block/block",
	"textures": {
		"bottom": "minecolonies:block/hut_base_top",
		"front": "minecolonies:block/swineherder_hut_front",
		"particle": "minecolonies:block/swineherder_hut_side",
		"side": "minecolonies:block/swineherder_hut_side",
		"top": "minecolonies:block/swineherder_hut_top"
	},
	"elements": [
		{
			"name": "north",
			"from": [0, 0, 2],
			"to": [2, 16, 14],
			"faces": {
				"east": {"uv": [2, 0, 14, 16], "texture": "#side"},
				"west": {"uv": [2, 0, 14, 16], "texture": "#side", "cullface": "west"},
				"up": {"uv": [2, 0, 14, 2], "rotation": 270, "texture": "#top", "cullface": "up"}
			}
		},
		{
			"name": "south",
			"from": [14, 0, 2],
			"to": [16, 16, 14],
			"faces": {
				"east": {"uv": [2, 0, 14, 16], "texture": "#side", "cullface": "east"},
				"west": {"uv": [2, 0, 14, 16], "texture": "#side"},
				"up": {"uv": [2, 14, 14, 16], "rotation": 270, "texture": "#top", "cullface": "up"}
			}
		},
		{
			"name": "east",
			"from": [0, 0, 0],
			"to": [16, 16, 2],
			"faces": {
				"north": {"uv": [0, 0, 16, 16], "texture": "#front", "cullface": "north"},
				"east": {"uv": [14, 0, 16, 16], "texture": "#side", "cullface": "east"},
				"south": {"uv": [0, 0, 16, 16], "texture": "#front"},
				"west": {"uv": [0, 0, 2, 16], "texture": "#side", "cullface": "west"},
				"up": {"uv": [14, 0, 16, 16], "rotation": 270, "texture": "#top", "cullface": "up"}
			}
		},
		{
			"name": "west",
			"from": [0, 0, 14],
			"to": [16, 16, 16],
			"faces": {
				"north": {"uv": [0, 0, 16, 16], "texture": "#side"},
				"east": {"uv": [0, 0, 2, 16], "texture": "#side", "cullface": "east"},
				"south": {"uv": [0, 0, 16, 16], "texture": "#side", "cullface": "south"},
				"west": {"uv": [14, 0, 16, 16], "texture": "#side", "cullface": "west"},
				"up": {"uv": [0, 0, 2, 16], "rotation": 270, "texture": "#top", "cullface": "up"}
			}
		},
		{
			"name": "bottom",
			"from": [0, 0, 0],
			"to": [16, 2, 16],
			"faces": {
				"down": {"uv": [0, 0, 16, 16], "rotation": 90, "texture": "#bottom", "cullface": "down"}
			}
		},
		{
			"name": "veggies",
			"from": [2, 2, 2],
			"to": [14, 14, 14],
			"faces": {
				"up": {"uv": [2, 2, 14, 14], "rotation": 270, "texture": "#top"}
			}
		}
	],
	"display": {
		"thirdperson_righthand": {
			"rotation": [75, 45, 0],
			"translation": [0, 2.5, 0],
			"scale": [0.375, 0.375, 0.375]
		},
		"thirdperson_lefthand": {
			"rotation": [75, 45, 0],
			"translation": [0, 2.5, 0],
			"scale": [0.375, 0.375, 0.375]
		},
		"firstperson_righthand": {
			"rotation": [0, 135, 0],
			"scale": [0.4, 0.4, 0.4]
		},
		"firstperson_lefthand": {
			"rotation": [0, 135, 0],
			"scale": [0.4, 0.4, 0.4]
		},
		"ground": {
			"translation": [0, 3, 0],
			"scale": [0.25, 0.25, 0.25]
		},
		"gui": {
			"rotation": [30, 225, 0],
			"scale": [0.625, 0.625, 0.625]
		},
		"fixed": {
			"scale": [0.5, 0.5, 0.5]
		}
	}
}