{
	"credit": "Made with Blockbench",
	"parent": "minecraft:block/block",
	"render_type": "cutout",
	"textures": {
		"lid_side": "minecolonies:block/courier_hut_lid_side",
		"lid_front": "minecolonies:block/courier_hut_lid_front",
		"back": "minecolonies:block/courier_hut_back",
		"particle": "minecolonies:block/courier_hut_front",
		"front": "minecolonies:block/courier_hut_front",
		"side": "minecolonies:block/courier_hut_side",
		"top": "minecolonies:block/courier_hut_top"
	},
	"elements": [
		{
			"name": "bottom",
			"from": [2, 0.01, 4],
			"to": [14, 0.01, 12],
			"rotation": {"angle": 0, "axis": "y", "origin": [0, 0, -5]},
			"faces": {
				"up": {"uv": [2, 8, 14, 16], "rotation": 180, "texture": "#top"},
				"down": {"uv": [2, 8, 14, 16], "rotation": 180, "texture": "#top", "cullface": "down"}
			}
		},
		{
			"name": "north",
			"from": [2, 0, 4],
			"to": [14, 11, 4],
			"rotation": {"angle": 0, "axis": "y", "origin": [0, 0, -5]},
			"faces": {
				"north": {"uv": [2, 5, 14, 16], "texture": "#front"},
				"south": {"uv": [2, 5, 14, 16], "texture": "#front"}
			}
		},
		{
			"name": "south",
			"from": [2, 0, 12],
			"to": [14, 11, 12],
			"rotation": {"angle": 0, "axis": "y", "origin": [0, 0, -5]},
			"faces": {
				"north": {"uv": [2, 5, 14, 16], "texture": "#back"},
				"south": {"uv": [2, 5, 14, 16], "texture": "#back"}
			}
		},
		{
			"name": "east",
			"from": [14, 0, 4],
			"to": [14, 11, 12],
			"rotation": {"angle": 0, "axis": "y", "origin": [0, 0, -5]},
			"faces": {
				"east": {"uv": [0, 5, 8, 16], "texture": "#side"},
				"west": {"uv": [8, 5, 0, 16], "texture": "#side"}
			}
		},
		{
			"name": "west",
			"from": [2, 0, 4],
			"to": [2, 11, 12],
			"rotation": {"angle": 0, "axis": "y", "origin": [0, 0, -5]},
			"faces": {
				"east": {"uv": [0, 5, 8, 16], "texture": "#side"},
				"west": {"uv": [8, 5, 0, 16], "texture": "#side"}
			}
		},
		{
			"name": "clasp",
			"from": [9, 8, 3.98],
			"to": [10, 10, 3.98],
			"rotation": {"angle": 22.5, "axis": "x", "origin": [8, 11, 12]},
			"faces": {
				"north": {"uv": [6, 7, 7, 9], "texture": "#lid_front"},
				"south": {"uv": [9, 7, 10, 9], "texture": "#lid_front"}
			}
		},
		{
			"name": "clasp",
			"from": [6, 8, 3.98],
			"to": [7, 10, 3.98],
			"rotation": {"angle": 22.5, "axis": "x", "origin": [8, 11, 12]},
			"faces": {
				"north": {"uv": [9, 7, 10, 9], "texture": "#lid_front"},
				"south": {"uv": [6, 7, 7, 9], "texture": "#lid_front"}
			}
		},
		{
			"name": "top",
			"from": [2, 14, 4],
			"to": [14, 14, 12],
			"rotation": {"angle": 22.5, "axis": "x", "origin": [8, 11, 12]},
			"faces": {
				"up": {"uv": [2, 0, 14, 8], "rotation": 180, "texture": "#top"},
				"down": {"uv": [2, 0, 14, 8], "rotation": 180, "texture": "#top"}
			}
		},
		{
			"name": "north",
			"from": [2, 9, 4],
			"to": [14, 14, 4],
			"rotation": {"angle": 22.5, "axis": "x", "origin": [8, 11, 12]},
			"faces": {
				"north": {"uv": [2, 2, 14, 7], "texture": "#lid_front"},
				"south": {"uv": [2, 2, 14, 7], "texture": "#lid_front"}
			}
		},
		{
			"name": "south",
			"from": [2, 11, 12],
			"to": [14, 14, 12],
			"rotation": {"angle": 22.5, "axis": "x", "origin": [8, 11, 12]},
			"faces": {
				"north": {"uv": [2, 2, 14, 5], "texture": "#back"},
				"south": {"uv": [2, 2, 14, 5], "texture": "#back"}
			}
		},
		{
			"name": "east",
			"from": [14, 10, 4],
			"to": [14, 14, 12],
			"rotation": {"angle": 22.5, "axis": "x", "origin": [8, 11, 12]},
			"faces": {
				"east": {"uv": [0, 2, 8, 6], "texture": "#lid_side"},
				"west": {"uv": [8, 2, 0, 6], "texture": "#lid_side"}
			}
		},
		{
			"name": "west",
			"from": [2, 10, 4],
			"to": [2, 14, 12],
			"rotation": {"angle": 22.5, "axis": "x", "origin": [8, 11, 12]},
			"faces": {
				"east": {"uv": [0, 2, 8, 6], "texture": "#lid_side"},
				"west": {"uv": [8, 2, 0, 6], "texture": "#lid_side"}
			}
		}
	],
	"display": {
		"thirdperson_righthand": {
			"rotation": [75, 45, 0],
			"translation": [0, 2.5, 0],
			"scale": [0.375, 0.375, 0.375]
		},
		"thirdperson_lefthand": {
			"rotation": [75, 45, 0],
			"translation": [0, 2.5, 0],
			"scale": [0.375, 0.375, 0.375]
		},
		"firstperson_righthand": {
			"rotation": [0, 135, 0],
			"translation": [0, 2, 0.75],
			"scale": [0.4, 0.4, 0.4]
		},
		"firstperson_lefthand": {
			"rotation": [0, 135, 0],
			"translation": [0, 2, 0.75],
			"scale": [0.4, 0.4, 0.4]
		},
		"ground": {
			"translation": [0, 3, 0],
			"scale": [0.25, 0.25, 0.25]
		},
		"gui": {
			"rotation": [30, 225, 0],
			"scale": [0.75, 0.75, 0.75]
		},
		"head": {
			"translation": [0, 1, -3],
			"scale": [1.09, 1.09, 1.09]
		},
		"fixed": {
			"translation": [0, 0, -1.25],
			"scale": [0.5, 0.5, 0.5]
		}
	},
	"groups": [
		{
			"name": "main",
			"origin": [0, 0, -3],
			"color": 0,
			"nbt": "{}",
			"children": [0, 1, 2, 3, 4]
		},
		{
			"name": "lid",
			"origin": [8, 8, 13],
			"color": 0,
			"nbt": "{}",
			"children": [5, 6, 7, 8, 9, 10, 11]
		}
	]
}