{
	"credit": "Made with Blockbench",
	"parent": "block/block",
	"textures": {
		"bottom": "block/barrel_bottom",
		"particle": "minecolonies:block/tavern_hut_front",
		"front": "minecolonies:block/tavern_hut_front",
		"side": "minecolonies:block/tavern_hut_side",
		"top": "minecolonies:block/tavern_hut_top"
	},
	"elements": [
		{
			"name": "main",
			"from": [1, 0, 1],
			"to": [15, 16, 15],
			"faces": {
				"north": {"uv": [1, 0, 15, 16], "texture": "#front"},
				"east": {"uv": [0, 0, 14, 16], "texture": "#side"},
				"south": {"uv": [1, 0, 15, 16], "texture": "#side"},
				"west": {"uv": [0, 0, 14, 16], "texture": "#side"},
				"up": {"uv": [1, 1, 15, 15], "texture": "#top", "cullface": "up"},
				"down": {"uv": [1, 1, 15, 15], "texture": "#bottom", "cullface": "down"}
			}
		},
		{
			"name": "rim_bottom",
			"from": [0, 0, 0],
			"to": [16, 2, 1],
			"faces": {
				"north": {"uv": [0, 14, 16, 16], "texture": "#front", "cullface": "north"},
				"east": {"uv": [15, 14, 16, 16], "texture": "#side", "cullface": "east"},
				"west": {"uv": [0, 14, 1, 16], "texture": "#front", "cullface": "west"},
				"up": {"uv": [0, 14, 16, 15], "rotation": 180, "texture": "#front"},
				"down": {"uv": [0, 15, 16, 16], "rotation": 180, "texture": "#front", "cullface": "down"}
			}
		},
		{
			"name": "rim_bottom",
			"from": [15, 0, 1],
			"to": [16, 2, 15],
			"faces": {
				"east": {"uv": [1, 14, 15, 16], "texture": "#side", "cullface": "east"},
				"up": {"uv": [1, 14, 15, 15], "rotation": 270, "texture": "#side"},
				"down": {"uv": [1, 15, 15, 16], "rotation": 90, "texture": "#side", "cullface": "down"}
			}
		},
		{
			"name": "rim_bottom",
			"from": [0, 0, 15],
			"to": [16, 2, 16],
			"faces": {
				"east": {"uv": [0, 14, 1, 16], "texture": "#side", "cullface": "east"},
				"south": {"uv": [0, 14, 16, 16], "texture": "#side", "cullface": "south"},
				"west": {"uv": [15, 14, 16, 16], "texture": "#side", "cullface": "west"},
				"up": {"uv": [0, 14, 16, 15], "texture": "#side"},
				"down": {"uv": [0, 15, 16, 16], "texture": "#side", "cullface": "down"}
			}
		},
		{
			"name": "rim_bottom",
			"from": [0, 0, 1],
			"to": [1, 2, 15],
			"faces": {
				"west": {"uv": [1, 14, 15, 16], "texture": "#side", "cullface": "west"},
				"up": {"uv": [1, 14, 15, 15], "rotation": 90, "texture": "#side"},
				"down": {"uv": [1, 15, 15, 16], "rotation": 270, "texture": "#side", "cullface": "down"}
			}
		},
		{
			"name": "rim_middle",
			"from": [0, 7, 0],
			"to": [16, 9, 1],
			"faces": {
				"north": {"uv": [0, 7, 16, 9], "texture": "#front", "cullface": "north"},
				"east": {"uv": [15, 7, 16, 9], "texture": "#side", "cullface": "east"},
				"west": {"uv": [0, 7, 1, 9], "texture": "#front", "cullface": "west"},
				"up": {"uv": [0, 7, 16, 8], "rotation": 180, "texture": "#front"},
				"down": {"uv": [0, 8, 16, 9], "rotation": 180, "texture": "#front"}
			}
		},
		{
			"name": "rim_middle",
			"from": [15, 7, 1],
			"to": [16, 9, 15],
			"faces": {
				"east": {"uv": [1, 7, 15, 9], "texture": "#side", "cullface": "east"},
				"up": {"uv": [1, 7, 15, 8], "rotation": 270, "texture": "#side"},
				"down": {"uv": [1, 8, 15, 9], "rotation": 90, "texture": "#side"}
			}
		},
		{
			"name": "rim_middle",
			"from": [0, 7, 15],
			"to": [16, 9, 16],
			"faces": {
				"east": {"uv": [0, 7, 1, 9], "texture": "#side", "cullface": "east"},
				"south": {"uv": [0, 7, 16, 9], "texture": "#side", "cullface": "south"},
				"west": {"uv": [15, 7, 16, 9], "texture": "#side", "cullface": "west"},
				"up": {"uv": [0, 7, 16, 8], "texture": "#side"},
				"down": {"uv": [0, 8, 16, 9], "texture": "#side"}
			}
		},
		{
			"name": "rim_middle",
			"from": [0, 7, 1],
			"to": [1, 9, 15],
			"faces": {
				"west": {"uv": [1, 7, 15, 9], "texture": "#side", "cullface": "west"},
				"up": {"uv": [1, 7, 15, 8], "rotation": 90, "texture": "#side"},
				"down": {"uv": [1, 8, 15, 9], "rotation": 270, "texture": "#side"}
			}
		},
		{
			"name": "rim_top",
			"from": [0, 14, 0],
			"to": [16, 16, 1],
			"faces": {
				"north": {"uv": [0, 0, 16, 2], "texture": "#front", "cullface": "north"},
				"east": {"uv": [15, 0, 16, 2], "texture": "#side", "cullface": "east"},
				"west": {"uv": [0, 0, 1, 2], "texture": "#front", "cullface": "west"},
				"up": {"uv": [0, 0, 16, 1], "rotation": 180, "texture": "#front", "cullface": "up"},
				"down": {"uv": [0, 1, 16, 2], "rotation": 180, "texture": "#front"}
			}
		},
		{
			"name": "rim_top",
			"from": [15, 14, 1],
			"to": [16, 16, 15],
			"faces": {
				"east": {"uv": [1, 0, 15, 2], "texture": "#side", "cullface": "east"},
				"up": {"uv": [1, 0, 15, 1], "rotation": 270, "texture": "#side", "cullface": "up"},
				"down": {"uv": [1, 1, 15, 2], "rotation": 90, "texture": "#side"}
			}
		},
		{
			"name": "rim_top",
			"from": [0, 14, 15],
			"to": [16, 16, 16],
			"faces": {
				"east": {"uv": [0, 0, 1, 2], "texture": "#side", "cullface": "east"},
				"south": {"uv": [0, 0, 16, 2], "texture": "#side", "cullface": "south"},
				"west": {"uv": [15, 0, 16, 2], "texture": "#side", "cullface": "west"},
				"up": {"uv": [0, 0, 16, 1], "texture": "#side", "cullface": "up"},
				"down": {"uv": [0, 1, 16, 2], "texture": "#side"}
			}
		},
		{
			"name": "rim_top",
			"from": [0, 14, 1],
			"to": [1, 16, 15],
			"faces": {
				"west": {"uv": [1, 0, 15, 2], "texture": "#side", "cullface": "west"},
				"up": {"uv": [1, 0, 15, 1], "rotation": 90, "texture": "#side", "cullface": "up"},
				"down": {"uv": [1, 1, 15, 2], "rotation": 270, "texture": "#side"}
			}
		}
	],
	"display": {
		"thirdperson_righthand": {
			"rotation": [75, 45, 0],
			"translation": [0, 2.5, 0],
			"scale": [0.375, 0.375, 0.375]
		},
		"thirdperson_lefthand": {
			"rotation": [75, 45, 0],
			"translation": [0, 2.5, 0],
			"scale": [0.375, 0.375, 0.375]
		},
		"firstperson_righthand": {
			"rotation": [0, 135, 0],
			"scale": [0.4, 0.4, 0.4]
		},
		"firstperson_lefthand": {
			"rotation": [0, 135, 0],
			"scale": [0.4, 0.4, 0.4]
		},
		"ground": {
			"translation": [0, 3, 0],
			"scale": [0.25, 0.25, 0.25]
		},
		"gui": {
			"rotation": [30, 225, 0],
			"scale": [0.625, 0.625, 0.625]
		},
		"fixed": {
			"scale": [0.5, 0.5, 0.5]
		}
	}
}