{
	"credit": "Made with Blockbench",
	"parent": "block/block",
	"textures": {
		"base": "minecolonies:block/library_hut_base",
		"bottom": "minecolonies:block/hut_base_top",
		"particle": "minecolonies:block/library_hut_front",
		"front": "minecolonies:block/library_hut_front",
		"shelf": "minecolonies:block/library_hut_shelf",
		"side": "minecolonies:block/library_hut_side",
		"top": "minecolonies:block/library_hut_top"
	},
	"elements": [
		{
			"name": "base",
			"from": [0, 0, 0],
			"to": [16, 2, 16],
			"rotation": {"angle": 0, "axis": "y", "origin": [8, 8, 8]},
			"faces": {
				"north": {"uv": [0, 14, 16, 16], "texture": "#side", "cullface": "west"},
				"east": {"uv": [0, 14, 16, 16], "texture": "#side", "cullface": "north"},
				"south": {"uv": [0, 14, 16, 16], "texture": "#front", "cullface": "east"},
				"west": {"uv": [0, 14, 16, 16], "texture": "#side", "cullface": "south"},
				"up": {"uv": [0, 0, 16, 16], "texture": "#base"},
				"down": {"uv": [0, 0, 16, 16], "rotation": 180, "texture": "#bottom", "cullface": "down"}
			}
		},
		{
			"name": "main",
			"from": [4, 2, 4],
			"to": [12, 15, 12],
			"rotation": {"angle": 0, "axis": "y", "origin": [8, 8, 8]},
			"faces": {
				"north": {"uv": [8, 0, 16, 13], "texture": "#front"},
				"east": {"uv": [0, 0, 8, 13], "texture": "#side"},
				"south": {"uv": [0, 0, 8, 13], "texture": "#front"},
				"west": {"uv": [0, 0, 8, 13], "texture": "#side"}
			}
		},
		{
			"name": "top",
			"from": [0, 12, 0],
			"to": [16, 16, 13],
			"rotation": {"angle": 22.5, "axis": "x", "origin": [8, 8, 8]},
			"faces": {
				"north": {"uv": [0, 0, 16, 4], "texture": "#shelf"},
				"east": {"uv": [0, 4, 13, 8], "texture": "#shelf", "cullface": "north"},
				"south": {"uv": [0, 0, 16, 4], "texture": "#shelf"},
				"west": {"uv": [0, 4, 13, 8], "texture": "#shelf", "cullface": "south"},
				"up": {"uv": [0, 0, 16, 13], "texture": "#top"},
				"down": {"uv": [0, 0, 16, 13], "rotation": 180, "texture": "#top"}
			}
		}
	],
	"display": {
		"thirdperson_righthand": {
			"rotation": [75, -135, 0],
			"translation": [0, 2.5, 0],
			"scale": [0.375, 0.375, 0.375]
		},
		"thirdperson_lefthand": {
			"rotation": [75, -135, 0],
			"translation": [0, 2.5, 0],
			"scale": [0.375, 0.375, 0.375]
		},
		"firstperson_righthand": {
			"rotation": [0, -45, 0],
			"scale": [0.4, 0.4, 0.4]
		},
		"firstperson_lefthand": {
			"rotation": [0, -45, 0],
			"scale": [0.4, 0.4, 0.4]
		},
		"ground": {
			"translation": [0, 3, 0],
			"scale": [0.25, 0.25, 0.25]
		},
		"gui": {
			"rotation": [30, 45, 0],
			"scale": [0.625, 0.625, 0.625]
		},
		"head": {
			"rotation": [0, -180, 0]
		},
		"fixed": {
			"rotation": [0, -180, 0],
			"scale": [0.5, 0.5, 0.5]
		}
	}
}