{
	"credit": "Made with Blockbench",
	"parent": "block/block",
	"ambientocclusion": false,
	"textures": {
		"andesite": "block/andesite",
		"bricks": "block/bricks",
		"cake_side": "block/cake_side",
		"cake_top": "block/cake_top",
		"details": "minecolonies:block/rack_details",
		"dirt": "block/dirt",
		"flower_pot": "block/flower_pot",
		"sand": "block/sand",
		"particle": "minecolonies:block/hut_base_side",
		"shelf": "minecolonies:block/hut_base_side",
		"shelf_left": "minecolonies:block/double_rack_left",
		"shelf_right": "minecolonies:block/double_rack_right",
		"turtle_egg": "block/turtle_egg",
		"legs": "minecolonies:block/rack_legs"
	},
	"elements": [
		{
			"name": "bricks",
			"from": [2, 8, 6],
			"to": [7, 13, 11],
			"rotation": {"angle": 22.5, "axis": "y", "origin": [7, 8, 7]},
			"faces": {
				"north": {"uv": [1, 1, 6, 6], "texture": "#bricks"},
				"east": {"uv": [5, 1, 10, 6], "texture": "#bricks"},
				"south": {"uv": [1, 1, 6, 6], "texture": "#bricks"},
				"west": {"uv": [5, 1, 10, 6], "texture": "#bricks"},
				"up": {"uv": [5, 4, 10, 9], "texture": "#bricks"}
			}
		},
		{
			"name": "tnt",
			"from": [9, 8, 3],
			"to": [15, 14, 9],
			"rotation": {"angle": 0, "axis": "y", "origin": [15, 8, 4]},
			"faces": {
				"north": {"uv": [0, 0, 6, 6], "texture": "#details"},
				"east": {"uv": [0, 0, 6, 6], "rotation": 180, "texture": "#details"},
				"south": {"uv": [0, 0, 6, 6], "texture": "#details"},
				"west": {"uv": [0, 0, 6, 6], "rotation": 180, "texture": "#details"},
				"up": {"uv": [6, 0, 12, 6], "texture": "#details"}
			}
		},
		{
			"name": "stone",
			"from": [14, 8, 6],
			"to": [20, 14, 12],
			"rotation": {"angle": 45, "axis": "y", "origin": [20, 8, 7]},
			"faces": {
				"north": {"uv": [2, 7, 8, 13], "texture": "#andesite"},
				"east": {"uv": [9, 6, 15, 12], "texture": "#andesite", "cullface": "east"},
				"south": {"uv": [6, 4, 12, 10], "texture": "#andesite", "cullface": "east"},
				"west": {"uv": [1, 4, 7, 10], "texture": "#andesite"},
				"up": {"uv": [0, 10, 6, 16], "texture": "#andesite"}
			}
		},
		{
			"name": "dirt",
			"from": [24, 8, 4],
			"to": [29, 13, 9],
			"rotation": {"angle": -22.5, "axis": "y", "origin": [28, 8, 4]},
			"faces": {
				"north": {"uv": [1, 2, 6, 7], "texture": "#dirt", "cullface": "east"},
				"east": {"uv": [8, 7, 13, 12], "texture": "#dirt", "cullface": "east"},
				"south": {"uv": [4, 0, 9, 5], "texture": "#dirt", "cullface": "east"},
				"west": {"uv": [0, 0, 5, 5], "texture": "#dirt", "cullface": "east"},
				"up": {"uv": [1, 9, 6, 14], "texture": "#dirt", "cullface": "east"}
			}
		},
		{
			"name": "sand",
			"from": [12, 16, 6],
			"to": [18, 22, 12],
			"rotation": {"angle": -22.5, "axis": "y", "origin": [18, 16, 7]},
			"faces": {
				"north": {"uv": [0, 0, 6, 6], "texture": "#sand", "cullface": "up"},
				"east": {"uv": [0, 0, 6, 6], "texture": "#sand", "cullface": "east"},
				"south": {"uv": [0, 0, 6, 6], "texture": "#sand", "cullface": "up"},
				"west": {"uv": [0, 0, 6, 6], "texture": "#sand", "cullface": "up"},
				"up": {"uv": [0, 0, 6, 6], "texture": "#sand", "cullface": "up"}
			}
		},
		{
			"name": "cake",
			"from": [18, 16, 1],
			"to": [23, 19, 6],
			"rotation": {"angle": 22.5, "axis": "y", "origin": [24, 16, 2]},
			"faces": {
				"north": {"uv": [5, 10, 10, 13], "texture": "#cake_side", "cullface": "east"},
				"east": {"uv": [9, 10, 14, 13], "texture": "#cake_side", "cullface": "east"},
				"south": {"uv": [5, 10, 10, 13], "texture": "#cake_side", "cullface": "east"},
				"west": {"uv": [1, 10, 6, 13], "texture": "#cake_side", "cullface": "east"},
				"up": {"uv": [2, 2, 7, 7], "texture": "#cake_top", "cullface": "east"}
			}
		},
		{
			"name": "egg",
			"from": [4, 16, 9],
			"to": [8, 21, 13],
			"rotation": {"angle": 45, "axis": "y", "origin": [6, 18.5, 11]},
			"faces": {
				"north": {"uv": [1, 10, 5, 15], "texture": "#turtle_egg", "cullface": "up"},
				"east": {"uv": [1, 4, 5, 9], "texture": "#turtle_egg", "cullface": "up"},
				"south": {"uv": [1, 5, 5, 10], "texture": "#turtle_egg", "cullface": "up"},
				"west": {"uv": [10, 10, 14, 15], "texture": "#turtle_egg", "cullface": "up"},
				"up": {"uv": [4, 11, 8, 15], "texture": "#turtle_egg", "cullface": "up"}
			}
		},
		{
			"name": "obsidian",
			"from": [22, 16, 8],
			"to": [28, 22, 14],
			"rotation": {"angle": 0, "axis": "y", "origin": [28, 16, 9]},
			"faces": {
				"north": {"uv": [0, 6, 6, 12], "texture": "#details", "cullface": "east"},
				"east": {"uv": [0, 6, 6, 12], "rotation": 270, "texture": "#details", "cullface": "east"},
				"south": {"uv": [0, 6, 6, 12], "rotation": 180, "texture": "#details", "cullface": "east"},
				"west": {"uv": [0, 6, 6, 12], "rotation": 90, "texture": "#details", "cullface": "east"},
				"up": {"uv": [6, 6, 12, 12], "texture": "#details", "cullface": "east"}
			}
		},
		{
			"name": "pot_n",
			"from": [5, 16, 2],
			"to": [7, 20, 3],
			"rotation": {"angle": 0, "axis": "y", "origin": [11, 16, 3]},
			"faces": {
				"north": {"uv": [7, 12, 9, 16], "texture": "#flower_pot", "cullface": "up"},
				"south": {"uv": [7, 12, 9, 16], "texture": "#flower_pot", "cullface": "up"},
				"up": {"uv": [7, 10, 9, 11], "texture": "#flower_pot", "cullface": "up"}
			}
		},
		{
			"name": "pot_s",
			"from": [5, 16, 5],
			"to": [7, 20, 6],
			"rotation": {"angle": 0, "axis": "y", "origin": [11, 16, 6]},
			"faces": {
				"north": {"uv": [7, 12, 9, 16], "texture": "#flower_pot", "cullface": "up"},
				"south": {"uv": [7, 12, 9, 16], "texture": "#flower_pot", "cullface": "up"},
				"up": {"uv": [7, 5, 9, 6], "texture": "#flower_pot", "cullface": "up"}
			}
		},
		{
			"name": "pot_e",
			"from": [7, 16, 2],
			"to": [8, 20, 6],
			"rotation": {"angle": 0, "axis": "y", "origin": [13, 16, 3]},
			"faces": {
				"north": {"uv": [5, 12, 6, 16], "texture": "#flower_pot", "cullface": "up"},
				"east": {"uv": [6, 12, 10, 16], "texture": "#flower_pot", "cullface": "up"},
				"south": {"uv": [10, 12, 11, 16], "texture": "#flower_pot", "cullface": "up"},
				"west": {"uv": [6, 12, 10, 16], "texture": "#flower_pot", "cullface": "up"},
				"up": {"uv": [5, 6, 6, 10], "texture": "#flower_pot", "cullface": "up"}
			}
		},
		{
			"name": "pot_w",
			"from": [4, 16, 2],
			"to": [5, 20, 6],
			"rotation": {"angle": 0, "axis": "y", "origin": [10, 16, 3]},
			"faces": {
				"north": {"uv": [10, 12, 11, 16], "texture": "#flower_pot", "cullface": "up"},
				"east": {"uv": [6, 12, 10, 16], "texture": "#flower_pot", "cullface": "up"},
				"south": {"uv": [5, 12, 6, 16], "texture": "#flower_pot", "cullface": "up"},
				"west": {"uv": [5, 11, 11, 16], "texture": "#flower_pot", "cullface": "up"},
				"up": {"uv": [10, 6, 11, 10], "texture": "#flower_pot", "cullface": "up"}
			}
		},
		{
			"name": "pot_dirt",
			"from": [5, 18, 3],
			"to": [7, 19, 5],
			"rotation": {"angle": 0, "axis": "y", "origin": [11, 18, 4]},
			"faces": {
				"up": {"uv": [13, 3, 15, 5], "texture": "#dirt", "cullface": "up"}
			}
		},
		{
			"name": "top_shelf",
			"from": [0, 15, 0],
			"to": [16, 16, 16],
			"faces": {
				"north": {"uv": [0, 0, 16, 1], "rotation": 180, "texture": "#shelf", "cullface": "north"},
				"south": {"uv": [0, 15, 16, 16], "texture": "#shelf", "cullface": "south"},
				"west": {"uv": [0, 0, 1, 16], "rotation": 270, "texture": "#shelf", "cullface": "west"},
				"up": {"uv": [0, 0, 16, 16], "texture": "#shelf_right", "cullface": "up"},
				"down": {"uv": [16, 0, 0, 16], "rotation": 180, "texture": "#shelf_right"}
			}
		},
		{
			"name": "bottom_shelf",
			"from": [0, 7, 0],
			"to": [16, 8, 16],
			"faces": {
				"north": {"uv": [0, 0, 16, 1], "rotation": 180, "texture": "#shelf", "cullface": "north"},
				"south": {"uv": [0, 15, 16, 16], "texture": "#shelf", "cullface": "south"},
				"west": {"uv": [0, 0, 1, 16], "rotation": 270, "texture": "#shelf", "cullface": "west"},
				"up": {"uv": [0, 0, 16, 16], "texture": "#shelf_right"},
				"down": {"uv": [16, 0, 0, 16], "rotation": 180, "texture": "#shelf_right"}
			}
		},
		{
			"name": "leg_sw",
			"from": [1, 0, 14],
			"to": [1, 15, 15],
			"faces": {
				"east": {"uv": [0, 1, 1, 16], "texture": "#legs"},
				"west": {"uv": [0, 1, 1, 16], "texture": "#legs"}
			}
		},
		{
			"name": "leg_sw",
			"from": [1, 0, 15],
			"to": [2, 15, 15],
			"faces": {
				"north": {"uv": [0, 1, 1, 16], "texture": "#legs"},
				"south": {"uv": [0, 1, 1, 16], "texture": "#legs"}
			}
		},
		{
			"name": "leg_nw",
			"from": [1, 0, 1],
			"to": [1, 15, 2],
			"faces": {
				"east": {"uv": [0, 1, 1, 16], "texture": "#legs"},
				"west": {"uv": [0, 1, 1, 16], "texture": "#legs"}
			}
		},
		{
			"name": "leg_nw",
			"from": [1, 0, 1],
			"to": [2, 15, 1],
			"faces": {
				"north": {"uv": [0, 1, 1, 16], "texture": "#legs"},
				"south": {"uv": [0, 1, 1, 16], "texture": "#legs"}
			}
		},
		{
			"name": "top_shelf",
			"from": [16, 15, 0],
			"to": [32, 16, 16],
			"faces": {
				"north": {"uv": [0, 0, 16, 1], "rotation": 180, "texture": "#shelf", "cullface": "north"},
				"east": {"uv": [15, 0, 16, 16], "rotation": 90, "texture": "#shelf", "cullface": "east"},
				"south": {"uv": [0, 15, 16, 16], "texture": "#shelf", "cullface": "east"},
				"up": {"uv": [0, 0, 16, 16], "texture": "#shelf_left", "cullface": "east"},
				"down": {"uv": [16, 0, 0, 16], "rotation": 180, "texture": "#shelf_left", "cullface": "east"}
			}
		},
		{
			"name": "bottom_shelf",
			"from": [16, 7, 0],
			"to": [32, 8, 16],
			"faces": {
				"north": {"uv": [0, 0, 16, 1], "rotation": 180, "texture": "#shelf", "cullface": "north"},
				"east": {"uv": [15, 0, 16, 16], "rotation": 90, "texture": "#shelf", "cullface": "east"},
				"south": {"uv": [0, 15, 16, 16], "texture": "#shelf", "cullface": "east"},
				"up": {"uv": [0, 0, 16, 16], "texture": "#shelf_left", "cullface": "east"},
				"down": {"uv": [16, 0, 0, 16], "rotation": 180, "texture": "#shelf_left", "cullface": "east"}
			}
		},
		{
			"name": "leg_se",
			"from": [31, 0, 14],
			"to": [31, 15, 15],
			"faces": {
				"east": {"uv": [0, 1, 1, 16], "texture": "#legs", "cullface": "east"},
				"west": {"uv": [0, 1, 1, 16], "texture": "#legs", "cullface": "east"}
			}
		},
		{
			"name": "leg_se",
			"from": [30, 0, 15],
			"to": [31, 15, 15],
			"faces": {
				"north": {"uv": [0, 1, 1, 16], "texture": "#legs", "cullface": "east"},
				"south": {"uv": [0, 1, 1, 16], "texture": "#legs", "cullface": "east"}
			}
		},
		{
			"name": "leg_ne",
			"from": [31, 0, 1],
			"to": [31, 15, 2],
			"faces": {
				"east": {"uv": [0, 1, 1, 16], "texture": "#legs", "cullface": "east"},
				"west": {"uv": [0, 1, 1, 16], "texture": "#legs", "cullface": "east"}
			}
		},
		{
			"name": "leg_ne",
			"from": [30, 0, 1],
			"to": [31, 15, 1],
			"faces": {
				"north": {"uv": [0, 1, 1, 16], "texture": "#legs", "cullface": "east"},
				"south": {"uv": [0, 1, 1, 16], "texture": "#legs", "cullface": "east"}
			}
		}
	],
	"display": {
		"thirdperson_righthand": {
			"rotation": [75, 45, 0],
			"translation": [0, 2.5, 0],
			"scale": [0.375, 0.375, 0.375]
		},
		"thirdperson_lefthand": {
			"rotation": [75, 45, 0],
			"translation": [0, 2.5, 0],
			"scale": [0.375, 0.375, 0.375]
		},
		"firstperson_righthand": {
			"rotation": [0, 45, 0],
			"scale": [0.4, 0.4, 0.4]
		},
		"firstperson_lefthand": {
			"rotation": [0, 225, 0],
			"scale": [0.4, 0.4, 0.4]
		},
		"ground": {
			"translation": [0, 3, 0],
			"scale": [0.25, 0.25, 0.25]
		},
		"gui": {
			"rotation": [30, 225, 0],
			"scale": [0.625, 0.625, 0.625]
		},
		"fixed": {
			"scale": [0.5, 0.5, 0.5]
		}
	},
	"groups": [
		{
			"name": "blocks",
			"origin": [11, 18, 4],
			"color": 0,
			"nbt": "{}",
			"children": [0, 1, 2, 3, 4, 5, 6, 7, 8, 9, 10, 11, 12]
		},
		{
			"name": "rack_right",
			"origin": [8, 8, 8],
			"color": 0,
			"nbt": "{}",
			"children": [13, 14, 15, 16, 17, 18]
		},
		{
			"name": "rack_left",
			"origin": [8, 8, 8],
			"color": 0,
			"nbt": "{}",
			"children": [19, 20, 21, 22, 23, 24]
		}
	]
}