{
	"credit": "Made with Blockbench",
	"parent": "block/block",
	"render_type": "cutout",
	"textures": {
		"bottom": "minecolonies:block/plantation_field_bottom",
		"particle": "minecolonies:block/plantation_field_front",
		"front": "minecolonies:block/plantation_field_front",
		"side": "minecolonies:block/plantation_field_side",
		"top": "minecolonies:block/plantation_field_top",
		"dirt": "minecolonies:block/composted_dirt",
		"stalk": "block/bamboo_stalk",
		"leaves": "block/bamboo_small_leaves",
		"cane": "block/sugar_cane"
	},
	"elements": [
		{
			"name": "north",
			"from": [0, 0, 0],
			"to": [16, 10, 2],
			"faces": {
				"north": {"uv": [0, 6, 16, 16], "texture": "#front", "cullface": "north"},
				"south": {"uv": [0, 6, 16, 16], "texture": "#front"},
				"up": {"uv": [0, 0, 16, 2], "texture": "#top"}
			}
		},
		{
			"name": "south",
			"from": [0, 0, 6],
			"to": [16, 10, 8],
			"faces": {
				"north": {"uv": [0, 6, 16, 16], "texture": "#front"},
				"south": {"uv": [0, 6, 16, 16], "texture": "#front"},
				"up": {"uv": [0, 6, 16, 8], "texture": "#top"}
			}
		},
		{
			"name": "east",
			"from": [14, 0, 0],
			"to": [16, 10, 8],
			"faces": {
				"east": {"uv": [0, 6, 8, 16], "texture": "#side", "cullface": "east"},
				"west": {"uv": [0, 6, 8, 16], "texture": "#side"},
				"up": {"uv": [14, 0, 16, 8], "texture": "#top"}
			}
		},
		{
			"name": "west",
			"from": [0, 0, 0],
			"to": [2, 10, 8],
			"faces": {
				"east": {"uv": [0, 6, 8, 16], "texture": "#side"},
				"west": {"uv": [0, 6, 8, 16], "texture": "#side", "cullface": "west"},
				"up": {"uv": [0, 0, 2, 8], "texture": "#top"}
			}
		},
		{
			"name": "bottom",
			"from": [0, 0, 0],
			"to": [16, 2, 8],
			"faces": {
				"up": {"uv": [0, 0, 16, 8], "texture": "#bottom"},
				"down": {"uv": [0, 0, 16, 8], "texture": "#bottom", "cullface": "down"}
			}
		},
		{
			"name": "inner",
			"from": [0, 5, 0],
			"to": [16, 7, 8],
			"faces": {
				"up": {"uv": [0, 0, 16, 8], "texture": "#dirt"}
			}
		},
		{
			"name": "bamboo",
			"from": [11, 8, 3],
			"to": [13, 16, 5],
			"rotation": {"angle": 0, "axis": "y", "origin": [16, 0, 0]},
			"faces": {
				"north": {"uv": [0, 0, 2, 8], "texture": "#stalk"},
				"east": {"uv": [0, 0, 2, 8], "texture": "#stalk"},
				"south": {"uv": [0, 0, 2, 8], "texture": "#stalk"},
				"west": {"uv": [0, 0, 2, 8], "texture": "#stalk"},
				"up": {"uv": [13, 0, 15, 2], "rotation": 90, "texture": "#stalk", "cullface": "up"}
			}
		},
		{
			"name": "bamboo_leaves",
			"from": [5, 7, 4],
			"to": [19, 15, 4],
			"shade": false,
			"rotation": {"angle": 0, "axis": "y", "origin": [16, 0, 0]},
			"faces": {
				"north": {"uv": [1, 7, 15, 15], "texture": "#leaves", "tintindex": 0},
				"south": {"uv": [1, 7, 15, 15], "texture": "#leaves", "tintindex": 0}
			}
		},
		{
			"name": "bamboo_leaves",
			"from": [12, 7, -3],
			"to": [12, 15, 11],
			"shade": false,
			"rotation": {"angle": 0, "axis": "y", "origin": [16, 0, 0]},
			"faces": {
				"east": {"uv": [1, 7, 15, 15], "texture": "#leaves", "tintindex": 0},
				"west": {"uv": [1, 7, 15, 15], "texture": "#leaves", "tintindex": 0}
			}
		},
		{
			"name": "sugar_cane",
			"from": [3, 7, 3],
			"to": [5, 13, 5],
			"rotation": {"angle": 0, "axis": "y", "origin": [16, 0, 0]},
			"faces": {
				"north": {"uv": [9, 10, 11, 16], "texture": "#cane"},
				"east": {"uv": [9, 10, 11, 16], "texture": "#cane"},
				"south": {"uv": [9, 10, 11, 16], "texture": "#cane"},
				"west": {"uv": [9, 10, 11, 16], "texture": "#cane"},
				"up": {"uv": [13, 0, 15, 2], "rotation": 90, "texture": "#cane", "cullface": "up"}
			}
		},
		{
			"name": "sugar_cane_leaves",
			"from": [4, 7, 2],
			"to": [4, 13, 6],
			"shade": false,
			"rotation": {"angle": 0, "axis": "y", "origin": [16, 0, 0]},
			"faces": {
				"east": {"uv": [0, 1, 4, 7], "texture": "#cane", "tintindex": 0},
				"west": {"uv": [0, 1, 4, 7], "texture": "#cane", "tintindex": 0}
			}
		},
		{
			"name": "sugar_cane_leaves",
			"from": [2, 7, 4],
			"to": [6, 13, 4],
			"shade": false,
			"rotation": {"angle": 0, "axis": "y", "origin": [4, 19.5, 11]},
			"faces": {
				"north": {"uv": [0, 8, 4, 14], "texture": "#cane", "tintindex": 0},
				"south": {"uv": [0, 8, 4, 14], "texture": "#cane", "tintindex": 0}
			}
		}
	],
	"display": {
		"thirdperson_righthand": {
			"rotation": [75, -135, 0],
			"translation": [0, 2.5, 0],
			"scale": [0.375, 0.375, 0.375]
		},
		"thirdperson_lefthand": {
			"rotation": [75, -135, 0],
			"translation": [0, 2.5, 0],
			"scale": [0.375, 0.375, 0.375]
		},
		"firstperson_righthand": {
			"rotation": [0, -45, 0],
			"translation": [0, 1, 0],
			"scale": [0.4, 0.4, 0.4]
		},
		"firstperson_lefthand": {
			"rotation": [0, -45, 0],
			"translation": [0, 1, 0],
			"scale": [0.4, 0.4, 0.4]
		},
		"ground": {
			"translation": [0, 3, 1],
			"scale": [0.25, 0.25, 0.25]
		},
		"gui": {
			"rotation": [30, 45, 0],
			"translation": [1.75, -1, 0],
			"scale": [0.625, 0.625, 0.625]
		},
		"head": {
			"translation": [0, 14.5, 1]
		},
		"fixed": {
			"translation": [0, 0, 1],
			"scale": [0.5, 0.5, 0.5]
		}
	}
}