{
	"credit": "Made with Blockbench",
	"render_type": "cutout",
	"textures": {
		"particle": "minecolonies:block/construction_tape_wood",
		"post": "minecolonies:block/construction_tape_wood",
		"tape": "minecolonies:block/construction_tape"
	},
	"elements": [
		{
			"name": "center_post",
			"from": [7, 0, 0],
			"to": [9, 16, 1],
			"faces": {
				"north": {"uv": [9, 0, 11, 16], "texture": "#post"},
				"east": {"uv": [7, 0, 8, 16], "texture": "#post"},
				"south": {"uv": [6, 0, 8, 16], "texture": "#post"},
				"west": {"uv": [10, 0, 11, 16], "texture": "#post"},
				"up": {"uv": [7, 0, 9, 1], "texture": "#post", "cullface": "up"},
				"down": {"uv": [12, 15, 14, 16], "texture": "#post", "cullface": "down"}
			}
		},
		{
			"name": "tape",
			"from": [8, 0, 1],
			"to": [8, 16, 8],
			"faces": {
				"east": {"uv": [8, 0, 15, 16], "texture": "#tape"},
				"west": {"uv": [1, 0, 8, 16], "texture": "#tape"}
			}
		}
	]
}