{
	"credit": "Made with Blockbench",
	"textures": {
		"particle": "minecolonies:block/waypoint",
		"waypoint": "minecolonies:block/waypoint"
	},
	"elements": [
		{
			"from": [3.5, 5, 6.5],
			"to": [4.5, 9, 9.5],
			"rotation": {"angle": 0, "axis": "y", "origin": [7.5, 8, 7.5]},
			"faces": {
				"north": {"uv": [12, 6, 13, 10], "texture": "#waypoint"},
				"south": {"uv": [12, 6, 13, 10], "texture": "#waypoint"},
				"west": {"uv": [12, 6, 13, 10], "texture": "#waypoint"},
				"up": {"uv": [12, 6, 13, 7], "texture": "#waypoint"},
				"down": {"uv": [12, 9, 13, 10], "texture": "#waypoint"}
			}
		},
		{
			"from": [5.5, 2, 7.5],
			"to": [10.5, 12, 8.5],
			"rotation": {"angle": 0, "axis": "y", "origin": [7.5, 8, 7.5]},
			"faces": {
				"north": {"uv": [6, 3, 11, 13], "texture": "#waypoint"},
				"east": {"uv": [6, 3, 7, 13], "texture": "#waypoint"},
				"south": {"uv": [6, 3, 11, 13], "texture": "#waypoint"},
				"west": {"uv": [10, 3, 11, 13], "texture": "#waypoint"},
				"up": {"uv": [6, 3, 11, 4], "texture": "#waypoint"},
				"down": {"uv": [6, 12, 11, 13], "texture": "#waypoint"}
			}
		},
		{
			"from": [6.5, 1, 7.5],
			"to": [9.5, 2, 8.5],
			"rotation": {"angle": 0, "axis": "y", "origin": [7.5, 8, 7.5]},
			"faces": {
				"north": {"uv": [7, 13, 10, 14], "texture": "#waypoint"},
				"east": {"uv": [7, 13, 8, 14], "texture": "#waypoint"},
				"south": {"uv": [7, 13, 10, 14], "texture": "#waypoint"},
				"west": {"uv": [9, 13, 10, 14], "texture": "#waypoint"},
				"down": {"uv": [7, 13, 10, 14], "texture": "#waypoint"}
			}
		},
		{
			"from": [2.5, 5, 7.5],
			"to": [3.5, 9, 8.5],
			"rotation": {"angle": 0, "axis": "y", "origin": [7.5, 8, 7.5]},
			"faces": {
				"north": {"uv": [13, 6, 14, 10], "texture": "#waypoint"},
				"south": {"uv": [13, 6, 14, 10], "texture": "#waypoint"},
				"west": {"uv": [13, 6, 14, 10], "texture": "#waypoint"},
				"up": {"uv": [13, 6, 14, 7], "texture": "#waypoint"},
				"down": {"uv": [13, 9, 14, 10], "texture": "#waypoint"}
			}
		},
		{
			"from": [10.5, 3, 7.5],
			"to": [11.5, 11, 8.5],
			"rotation": {"angle": 0, "axis": "y", "origin": [7.5, 8, 7.5]},
			"faces": {
				"north": {"uv": [5, 4, 6, 12], "texture": "#waypoint"},
				"east": {"uv": [5, 4, 6, 12], "texture": "#waypoint"},
				"south": {"uv": [5, 4, 6, 12], "texture": "#waypoint"},
				"up": {"uv": [5, 4, 6, 5], "texture": "#waypoint"},
				"down": {"uv": [5, 11, 6, 12], "texture": "#waypoint"}
			}
		},
		{
			"from": [11.5, 4, 7.5],
			"to": [12.5, 10, 8.5],
			"rotation": {"angle": 0, "axis": "y", "origin": [7.5, 8, 7.5]},
			"faces": {
				"north": {"uv": [4, 5, 5, 11], "texture": "#waypoint"},
				"east": {"uv": [4, 5, 5, 11], "texture": "#waypoint"},
				"south": {"uv": [4, 5, 5, 11], "texture": "#waypoint"},
				"up": {"uv": [4, 5, 5, 6], "texture": "#waypoint"},
				"down": {"uv": [4, 10, 5, 11], "texture": "#waypoint"}
			}
		},
		{
			"from": [4.5, 3, 7.5],
			"to": [5.5, 11, 8.5],
			"rotation": {"angle": 0, "axis": "y", "origin": [7.5, 8, 7.5]},
			"faces": {
				"north": {"uv": [11, 4, 12, 12], "texture": "#waypoint"},
				"south": {"uv": [11, 4, 12, 12], "texture": "#waypoint"},
				"west": {"uv": [11, 4, 12, 12], "texture": "#waypoint"},
				"up": {"uv": [11, 4, 12, 5], "texture": "#waypoint"},
				"down": {"uv": [11, 11, 12, 12], "texture": "#waypoint"}
			}
		},
		{
			"from": [3.5, 4, 7.5],
			"to": [4.5, 10, 8.5],
			"rotation": {"angle": 0, "axis": "y", "origin": [7.5, 8, 7.5]},
			"faces": {
				"north": {"uv": [12, 5, 13, 11], "texture": "#waypoint"},
				"south": {"uv": [12, 5, 13, 11], "texture": "#waypoint"},
				"west": {"uv": [12, 5, 13, 11], "texture": "#waypoint"},
				"up": {"uv": [12, 5, 13, 6], "texture": "#waypoint"},
				"down": {"uv": [12, 10, 13, 11], "texture": "#waypoint"}
			}
		},
		{
			"from": [12.5, 5, 7.5],
			"to": [13.5, 9, 8.5],
			"rotation": {"angle": 0, "axis": "y", "origin": [7.5, 8, 7.5]},
			"faces": {
				"north": {"uv": [3, 6, 4, 10], "texture": "#waypoint"},
				"east": {"uv": [3, 6, 4, 10], "texture": "#waypoint"},
				"south": {"uv": [3, 6, 4, 10], "texture": "#waypoint"},
				"up": {"uv": [3, 6, 4, 7], "texture": "#waypoint"},
				"down": {"uv": [3, 9, 4, 10], "texture": "#waypoint"}
			}
		},
		{
			"from": [7.5, 0, 7.5],
			"to": [8.5, 1, 8.5],
			"rotation": {"angle": 0, "axis": "y", "origin": [7.5, 8, 7.5]},
			"faces": {
				"north": {"uv": [8, 14, 9, 15], "texture": "#waypoint"},
				"east": {"uv": [8, 14, 9, 15], "texture": "#waypoint"},
				"south": {"uv": [8, 14, 9, 15], "texture": "#waypoint"},
				"west": {"uv": [8, 14, 9, 15], "texture": "#waypoint"},
				"down": {"uv": [8, 14, 9, 15], "texture": "#waypoint", "cullface": "down"}
			}
		},
		{
			"from": [8.5, 2, 6.5],
			"to": [9.5, 11, 9.5],
			"rotation": {"angle": 0, "axis": "y", "origin": [7.5, 8, 7.5]},
			"faces": {
				"north": {"uv": [7, 4, 8, 13], "texture": "#waypoint"},
				"east": {"uv": [7, 4, 8, 13], "texture": "#waypoint"},
				"south": {"uv": [7, 4, 8, 13], "texture": "#waypoint"},
				"up": {"uv": [7, 4, 8, 5], "texture": "#waypoint"},
				"down": {"uv": [7, 12, 8, 13], "texture": "#waypoint"}
			}
		},
		{
			"from": [7.5, 1, 6.5],
			"to": [8.5, 11, 9.5],
			"rotation": {"angle": 0, "axis": "y", "origin": [7.5, 8, 7.5]},
			"faces": {
				"north": {"uv": [8, 4, 9, 14], "texture": "#waypoint"},
				"east": {"uv": [8, 13, 9, 14], "texture": "#waypoint"},
				"south": {"uv": [8, 4, 9, 14], "texture": "#waypoint"},
				"west": {"uv": [8, 13, 9, 14], "texture": "#waypoint"},
				"up": {"uv": [8, 4, 9, 5], "texture": "#waypoint"},
				"down": {"uv": [8, 13, 9, 14], "texture": "#waypoint"}
			}
		},
		{
			"from": [11.5, 5, 6.5],
			"to": [12.5, 9, 9.5],
			"rotation": {"angle": 0, "axis": "y", "origin": [7.5, 8, 7.5]},
			"faces": {
				"north": {"uv": [4, 6, 5, 10], "texture": "#waypoint"},
				"east": {"uv": [4, 6, 5, 10], "texture": "#waypoint"},
				"south": {"uv": [4, 6, 5, 10], "texture": "#waypoint"},
				"up": {"uv": [4, 6, 5, 7], "texture": "#waypoint"},
				"down": {"uv": [4, 9, 5, 10], "texture": "#waypoint"}
			}
		},
		{
			"from": [6.5, 2, 6.5],
			"to": [7.5, 11, 9.5],
			"rotation": {"angle": 0, "axis": "y", "origin": [7.5, 8, 7.5]},
			"faces": {
				"north": {"uv": [9, 4, 10, 13], "texture": "#waypoint"},
				"south": {"uv": [9, 4, 10, 13], "texture": "#waypoint"},
				"west": {"uv": [9, 12, 10, 13], "texture": "#waypoint"},
				"up": {"uv": [9, 4, 10, 5], "texture": "#waypoint"},
				"down": {"uv": [9, 12, 10, 13], "texture": "#waypoint"}
			}
		},
		{
			"from": [5.5, 3, 6.5],
			"to": [6.5, 11, 9.5],
			"rotation": {"angle": 0, "axis": "y", "origin": [7.5, 8, 7.5]},
			"faces": {
				"north": {"uv": [10, 4, 11, 12], "texture": "#waypoint"},
				"south": {"uv": [10, 4, 11, 12], "texture": "#waypoint"},
				"west": {"uv": [10, 4, 11, 12], "texture": "#waypoint"},
				"up": {"uv": [10, 4, 11, 5], "texture": "#waypoint"},
				"down": {"uv": [10, 11, 11, 12], "texture": "#waypoint"}
			}
		},
		{
			"from": [9.5, 3, 6.5],
			"to": [10.5, 11, 9.5],
			"rotation": {"angle": 0, "axis": "y", "origin": [7.5, 8, 7.5]},
			"faces": {
				"north": {"uv": [6, 4, 7, 12], "texture": "#waypoint"},
				"east": {"uv": [6, 4, 7, 12], "texture": "#waypoint"},
				"south": {"uv": [6, 4, 7, 12], "texture": "#waypoint"},
				"up": {"uv": [6, 4, 7, 5], "texture": "#waypoint"},
				"down": {"uv": [6, 11, 7, 12], "texture": "#waypoint"}
			}
		},
		{
			"from": [10.5, 4, 6.5],
			"to": [11.5, 10, 9.5],
			"rotation": {"angle": 0, "axis": "y", "origin": [7.5, 8, 7.5]},
			"faces": {
				"north": {"uv": [5, 5, 6, 11], "texture": "#waypoint"},
				"east": {"uv": [5, 5, 6, 11], "texture": "#waypoint"},
				"south": {"uv": [5, 5, 6, 11], "texture": "#waypoint"},
				"up": {"uv": [5, 5, 6, 6], "texture": "#waypoint"},
				"down": {"uv": [5, 10, 6, 11], "texture": "#waypoint"}
			}
		},
		{
			"from": [4.5, 4, 6.5],
			"to": [5.5, 10, 9.5],
			"rotation": {"angle": 0, "axis": "y", "origin": [7.5, 8, 7.5]},
			"faces": {
				"north": {"uv": [11, 5, 12, 11], "texture": "#waypoint"},
				"south": {"uv": [11, 5, 12, 11], "texture": "#waypoint"},
				"west": {"uv": [11, 5, 12, 11], "texture": "#waypoint"},
				"up": {"uv": [11, 5, 12, 6], "texture": "#waypoint"},
				"down": {"uv": [11, 10, 12, 11], "texture": "#waypoint"}
			}
		}
	],
	"display": {
		"thirdperson_righthand": {
			"rotation": [75, 45, 0],
			"translation": [0, 1.5, 0],
			"scale": [0.375, 0.375, 0.375]
		},
		"thirdperson_lefthand": {
			"rotation": [75, 45, 0],
			"translation": [0, 1.5, 0],
			"scale": [0.375, 0.375, 0.375]
		},
		"firstperson_righthand": {
			"rotation": [0, 135, 0],
			"translation": [0, 2, 0],
			"scale": [0.4, 0.4, 0.4]
		},
		"firstperson_lefthand": {
			"rotation": [0, 135, 0],
			"translation": [0, 2, 0],
			"scale": [0.4, 0.4, 0.4]
		},
		"ground": {
			"translation": [0, 3, 0],
			"scale": [0.25, 0.25, 0.25]
		},
		"gui": {
			"rotation": [30, 225, 0],
			"translation": [0, 1.5, 0]
		},
		"head": {
			"translation": [0, 14.5, 0]
		},
		"fixed": {
			"translation": [0, 1, 0],
			"scale": [0.8, 0.8, 0.8]
		}
	},
	"groups": [
		{
			"name": "waypoint",
			"origin": [7.5, 8, 7.5],
			"color": 0,
			"children": [0, 1, 2, 3, 4, 5, 6, 7, 8, 9, 10, 11, 12, 13, 14, 15, 16, 17]
		}
	]
}