{
	"credit": "Made with Blockbench",
	"parent": "block/block",
	"textures": {
		"particle": "block/glowstone",
		"centre": "block/glowstone",
		"frame": "block/oak_planks"
	},
	"elements": [
		{
			"name": "main",
			"from": [1, 1, 1],
			"to": [15, 15, 15],
			"faces": {
				"north": {"uv": [1, 1, 15, 15], "texture": "#centre"},
				"east": {"uv": [1, 1, 15, 15], "texture": "#centre"},
				"south": {"uv": [1, 1, 15, 15], "texture": "#centre"},
				"west": {"uv": [1, 1, 15, 15], "texture": "#centre"},
				"up": {"uv": [1, 1, 15, 15], "texture": "#centre"},
				"down": {"uv": [1, 1, 15, 15], "texture": "#centre"}
			}
		},
		{
			"from": [0, 0, 0],
			"to": [16, 2, 2],
			"faces": {
				"north": {"uv": [0, 14, 16, 16], "texture": "#frame", "cullface": "north"},
				"east": {"uv": [14, 14, 16, 16], "texture": "#frame", "cullface": "east"},
				"south": {"uv": [0, 14, 16, 16], "texture": "#frame"},
				"west": {"uv": [0, 14, 2, 16], "texture": "#frame", "cullface": "west"},
				"up": {"uv": [0, 0, 16, 2], "texture": "#frame"},
				"down": {"uv": [0, 14, 16, 16], "texture": "#frame", "cullface": "down"}
			}
		},
		{
			"from": [0, 0, 14],
			"to": [16, 2, 16],
			"faces": {
				"north": {"uv": [0, 14, 16, 16], "texture": "#frame"},
				"east": {"uv": [0, 14, 2, 16], "texture": "#frame", "cullface": "east"},
				"south": {"uv": [0, 14, 16, 16], "texture": "#frame", "cullface": "south"},
				"west": {"uv": [14, 14, 16, 16], "texture": "#frame", "cullface": "west"},
				"up": {"uv": [0, 14, 16, 16], "texture": "#frame"},
				"down": {"uv": [0, 0, 16, 2], "texture": "#frame", "cullface": "down"}
			}
		},
		{
			"from": [0, 0, 2],
			"to": [2, 2, 14],
			"faces": {
				"east": {"uv": [2, 14, 14, 16], "texture": "#frame"},
				"west": {"uv": [2, 14, 14, 16], "texture": "#frame", "cullface": "west"},
				"up": {"uv": [0, 2, 2, 14], "texture": "#frame"},
				"down": {"uv": [0, 2, 2, 14], "texture": "#frame", "cullface": "down"}
			}
		},
		{
			"from": [14, 0, 2],
			"to": [16, 2, 14],
			"faces": {
				"east": {"uv": [2, 14, 14, 16], "texture": "#frame", "cullface": "east"},
				"west": {"uv": [2, 14, 14, 16], "texture": "#frame"},
				"up": {"uv": [14, 2, 16, 14], "texture": "#frame"},
				"down": {"uv": [14, 2, 16, 14], "texture": "#frame", "cullface": "down"}
			}
		},
		{
			"from": [0, 14, 2],
			"to": [2, 16, 14],
			"faces": {
				"east": {"uv": [2, 0, 14, 2], "texture": "#frame"},
				"west": {"uv": [2, 0, 14, 2], "texture": "#frame", "cullface": "west"},
				"up": {"uv": [0, 2, 2, 14], "texture": "#frame", "cullface": "up"},
				"down": {"uv": [0, 2, 2, 14], "texture": "#frame"}
			}
		},
		{
			"from": [0, 14, 14],
			"to": [16, 16, 16],
			"faces": {
				"north": {"uv": [0, 0, 16, 2], "texture": "#frame"},
				"east": {"uv": [0, 0, 2, 2], "texture": "#frame", "cullface": "east"},
				"south": {"uv": [0, 0, 16, 2], "texture": "#frame", "cullface": "south"},
				"west": {"uv": [14, 0, 16, 2], "texture": "#frame", "cullface": "west"},
				"up": {"uv": [0, 14, 16, 16], "texture": "#frame", "cullface": "up"},
				"down": {"uv": [0, 0, 16, 2], "texture": "#frame"}
			}
		},
		{
			"from": [0, 14, 0],
			"to": [16, 16, 2],
			"faces": {
				"north": {"uv": [0, 0, 16, 2], "texture": "#frame", "cullface": "north"},
				"east": {"uv": [14, 0, 16, 2], "texture": "#frame", "cullface": "east"},
				"south": {"uv": [0, 0, 16, 2], "texture": "#frame"},
				"west": {"uv": [0, 0, 2, 2], "texture": "#frame", "cullface": "west"},
				"up": {"uv": [0, 0, 16, 2], "texture": "#frame", "cullface": "up"},
				"down": {"uv": [0, 0, 16, 2], "texture": "#frame"}
			}
		},
		{
			"from": [14, 14, 2],
			"to": [16, 16, 14],
			"faces": {
				"east": {"uv": [2, 0, 14, 2], "texture": "#frame", "cullface": "east"},
				"west": {"uv": [2, 0, 14, 2], "texture": "#frame"},
				"up": {"uv": [14, 2, 16, 14], "texture": "#frame", "cullface": "up"},
				"down": {"uv": [0, 2, 2, 14], "texture": "#frame"}
			}
		},
		{
			"from": [0, 2, 0],
			"to": [2, 14, 2],
			"faces": {
				"north": {"uv": [14, 2, 16, 14], "texture": "#frame", "cullface": "north"},
				"east": {"uv": [14, 2, 16, 14], "texture": "#frame"},
				"south": {"uv": [0, 2, 2, 14], "texture": "#frame"},
				"west": {"uv": [0, 2, 2, 14], "texture": "#frame", "cullface": "west"}
			}
		},
		{
			"from": [0, 2, 14],
			"to": [2, 14, 16],
			"faces": {
				"north": {"uv": [14, 2, 16, 14], "texture": "#frame"},
				"east": {"uv": [0, 2, 2, 14], "texture": "#frame"},
				"south": {"uv": [0, 2, 2, 14], "texture": "#frame", "cullface": "south"},
				"west": {"uv": [14, 2, 16, 14], "texture": "#frame", "cullface": "west"}
			}
		},
		{
			"from": [14, 2, 0],
			"to": [16, 14, 2],
			"faces": {
				"north": {"uv": [0, 2, 2, 14], "texture": "#frame", "cullface": "north"},
				"east": {"uv": [14, 2, 16, 14], "texture": "#frame", "cullface": "east"},
				"south": {"uv": [14, 2, 16, 14], "texture": "#frame"},
				"west": {"uv": [0, 2, 2, 14], "texture": "#frame"}
			}
		},
		{
			"from": [14, 2, 14],
			"to": [16, 14, 16],
			"faces": {
				"north": {"uv": [0, 2, 2, 14], "texture": "#frame"},
				"east": {"uv": [0, 2, 2, 14], "texture": "#frame", "cullface": "east"},
				"south": {"uv": [14, 2, 16, 14], "texture": "#frame", "cullface": "south"},
				"west": {"uv": [14, 2, 16, 14], "texture": "#frame"}
			}
		},
		{
			"from": [2, 15.98, 7],
			"to": [4, 16, 9],
			"rotation": {"angle": 0, "axis": "x", "origin": [8, 8, 8]},
			"faces": {
				"up": {"uv": [2, 7, 4, 9], "texture": "#frame", "cullface": "up"},
				"down": {"uv": [12, 7, 14, 9], "rotation": 180, "texture": "#frame"}
			}
		},
		{
			"from": [7, 15.98, 2],
			"to": [9, 16, 4],
			"rotation": {"angle": 0, "axis": "x", "origin": [8, 8, 8]},
			"faces": {
				"up": {"uv": [7, 2, 9, 4], "texture": "#frame", "cullface": "up"},
				"down": {"uv": [7, 2, 9, 4], "rotation": 180, "texture": "#frame"}
			}
		},
		{
			"from": [12, 15.98, 7],
			"to": [14, 16, 9],
			"rotation": {"angle": 0, "axis": "x", "origin": [8, 8, 8]},
			"faces": {
				"up": {"uv": [12, 7, 14, 9], "texture": "#frame", "cullface": "up"},
				"down": {"uv": [2, 7, 4, 9], "rotation": 180, "texture": "#frame"}
			}
		},
		{
			"from": [7, 15.98, 12],
			"to": [9, 16, 14],
			"rotation": {"angle": 0, "axis": "x", "origin": [8, 8, 8]},
			"faces": {
				"up": {"uv": [7, 12, 9, 14], "texture": "#frame", "cullface": "up"},
				"down": {"uv": [7, 12, 9, 14], "rotation": 180, "texture": "#frame"}
			}
		},
		{
			"from": [4, 15.98, 6],
			"to": [5, 16, 7],
			"rotation": {"angle": 0, "axis": "x", "origin": [8, 8, 8]},
			"faces": {
				"up": {"uv": [4, 6, 5, 7], "texture": "#frame", "cullface": "up"},
				"down": {"uv": [11, 6, 12, 7], "rotation": 180, "texture": "#frame"}
			}
		},
		{
			"from": [5, 15.98, 5],
			"to": [6, 16, 6],
			"rotation": {"angle": 0, "axis": "x", "origin": [8, 8, 8]},
			"faces": {
				"up": {"uv": [5, 5, 6, 6], "texture": "#frame", "cullface": "up"},
				"down": {"uv": [10, 5, 11, 6], "rotation": 180, "texture": "#frame"}
			}
		},
		{
			"from": [6, 15.98, 4],
			"to": [7, 16, 5],
			"rotation": {"angle": 0, "axis": "x", "origin": [8, 8, 8]},
			"faces": {
				"up": {"uv": [6, 4, 7, 5], "texture": "#frame", "cullface": "up"},
				"down": {"uv": [9, 4, 10, 5], "rotation": 180, "texture": "#frame"}
			}
		},
		{
			"from": [9, 15.98, 4],
			"to": [10, 16, 5],
			"rotation": {"angle": 0, "axis": "x", "origin": [8, 8, 8]},
			"faces": {
				"up": {"uv": [9, 4, 10, 5], "texture": "#frame", "cullface": "up"},
				"down": {"uv": [6, 4, 7, 5], "rotation": 180, "texture": "#frame"}
			}
		},
		{
			"from": [10, 15.98, 5],
			"to": [11, 16, 6],
			"rotation": {"angle": 0, "axis": "x", "origin": [8, 8, 8]},
			"faces": {
				"up": {"uv": [10, 5, 11, 6], "texture": "#frame", "cullface": "up"},
				"down": {"uv": [5, 5, 6, 6], "rotation": 180, "texture": "#frame"}
			}
		},
		{
			"from": [11, 15.98, 6],
			"to": [12, 16, 7],
			"rotation": {"angle": 0, "axis": "x", "origin": [8, 8, 8]},
			"faces": {
				"up": {"uv": [11, 6, 12, 7], "texture": "#frame", "cullface": "up"},
				"down": {"uv": [3, 6, 4, 7], "rotation": 180, "texture": "#frame"}
			}
		},
		{
			"from": [11, 15.98, 9],
			"to": [12, 16, 10],
			"rotation": {"angle": 0, "axis": "x", "origin": [8, 8, 8]},
			"faces": {
				"up": {"uv": [11, 9, 12, 10], "texture": "#frame", "cullface": "up"},
				"down": {"uv": [4, 9, 5, 10], "rotation": 180, "texture": "#frame"}
			}
		},
		{
			"from": [10, 15.98, 10],
			"to": [11, 16, 11],
			"rotation": {"angle": 0, "axis": "x", "origin": [8, 8, 8]},
			"faces": {
				"up": {"uv": [10, 10, 11, 11], "texture": "#frame", "cullface": "up"},
				"down": {"uv": [5, 10, 6, 11], "rotation": 180, "texture": "#frame"}
			}
		},
		{
			"from": [9, 15.98, 11],
			"to": [10, 16, 12],
			"rotation": {"angle": 0, "axis": "x", "origin": [8, 8, 8]},
			"faces": {
				"up": {"uv": [9, 11, 10, 12], "texture": "#frame", "cullface": "up"},
				"down": {"uv": [6, 11, 7, 12], "rotation": 180, "texture": "#frame"}
			}
		},
		{
			"from": [6, 15.98, 11],
			"to": [7, 16, 12],
			"rotation": {"angle": 0, "axis": "x", "origin": [8, 8, 8]},
			"faces": {
				"up": {"uv": [6, 11, 7, 12], "texture": "#frame", "cullface": "up"},
				"down": {"uv": [9, 11, 10, 12], "rotation": 180, "texture": "#frame"}
			}
		},
		{
			"from": [5, 15.98, 10],
			"to": [6, 16, 11],
			"rotation": {"angle": 0, "axis": "x", "origin": [8, 8, 8]},
			"faces": {
				"up": {"uv": [5, 10, 6, 11], "texture": "#frame", "cullface": "up"},
				"down": {"uv": [10, 10, 11, 11], "rotation": 180, "texture": "#frame"}
			}
		},
		{
			"from": [4, 15.98, 9],
			"to": [5, 16, 10],
			"rotation": {"angle": 0, "axis": "x", "origin": [8, 8, 8]},
			"faces": {
				"up": {"uv": [4, 9, 5, 10], "texture": "#frame", "cullface": "up"},
				"down": {"uv": [11, 9, 12, 10], "rotation": 180, "texture": "#frame"}
			}
		},
		{
			"from": [12, 7, 0],
			"to": [14, 9, 0.02],
			"rotation": {"angle": 0, "axis": "y", "origin": [8, 8, 8]},
			"faces": {
				"north": {"uv": [2, 7, 4, 9], "texture": "#frame", "cullface": "north"},
				"south": {"uv": [12, 7, 14, 9], "texture": "#frame"}
			}
		},
		{
			"from": [7, 12, 0],
			"to": [9, 14, 0.02],
			"rotation": {"angle": 0, "axis": "y", "origin": [8, 8, 8]},
			"faces": {
				"north": {"uv": [7, 2, 9, 4], "texture": "#frame", "cullface": "north"},
				"south": {"uv": [7, 2, 9, 4], "texture": "#frame"}
			}
		},
		{
			"from": [2, 7, 0],
			"to": [4, 9, 0.02],
			"rotation": {"angle": 0, "axis": "y", "origin": [8, 8, 8]},
			"faces": {
				"north": {"uv": [12, 7, 14, 9], "texture": "#frame", "cullface": "north"},
				"south": {"uv": [2, 7, 4, 9], "texture": "#frame"}
			}
		},
		{
			"from": [7, 2, 0],
			"to": [9, 4, 0.02],
			"rotation": {"angle": 0, "axis": "y", "origin": [8, 8, 8]},
			"faces": {
				"north": {"uv": [7, 12, 9, 14], "texture": "#frame", "cullface": "north"},
				"south": {"uv": [7, 12, 9, 14], "texture": "#frame"}
			}
		},
		{
			"from": [11, 9, 0],
			"to": [12, 10, 0.02],
			"faces": {
				"north": {"uv": [4, 6, 5, 7], "texture": "#frame", "cullface": "north"},
				"south": {"uv": [11, 6, 12, 7], "texture": "#frame"}
			}
		},
		{
			"from": [10, 10, 0],
			"to": [11, 11, 0.02],
			"faces": {
				"north": {"uv": [5, 5, 6, 6], "texture": "#frame", "cullface": "north"},
				"south": {"uv": [10, 5, 11, 6], "texture": "#frame"}
			}
		},
		{
			"from": [9, 11, 0],
			"to": [10, 12, 0.02],
			"faces": {
				"north": {"uv": [6, 4, 7, 5], "texture": "#frame", "cullface": "north"},
				"south": {"uv": [9, 4, 10, 5], "texture": "#frame"}
			}
		},
		{
			"from": [6, 11, 0],
			"to": [7, 12, 0.02],
			"faces": {
				"north": {"uv": [9, 4, 10, 5], "texture": "#frame", "cullface": "north"},
				"south": {"uv": [6, 4, 7, 5], "texture": "#frame"}
			}
		},
		{
			"from": [5, 10, 0],
			"to": [6, 11, 0.02],
			"faces": {
				"north": {"uv": [10, 5, 11, 6], "texture": "#frame", "cullface": "north"},
				"south": {"uv": [5, 5, 6, 6], "texture": "#frame"}
			}
		},
		{
			"from": [4, 9, 0],
			"to": [5, 10, 0.02],
			"faces": {
				"north": {"uv": [11, 6, 12, 7], "texture": "#frame", "cullface": "north"},
				"south": {"uv": [3, 6, 4, 7], "texture": "#frame"}
			}
		},
		{
			"from": [4, 6, 0],
			"to": [5, 7, 0.02],
			"faces": {
				"north": {"uv": [11, 9, 12, 10], "texture": "#frame", "cullface": "north"},
				"south": {"uv": [4, 9, 5, 10], "texture": "#frame"}
			}
		},
		{
			"from": [5, 5, 0],
			"to": [6, 6, 0.02],
			"faces": {
				"north": {"uv": [10, 10, 11, 11], "texture": "#frame", "cullface": "north"},
				"south": {"uv": [5, 10, 6, 11], "texture": "#frame"}
			}
		},
		{
			"from": [6, 4, 0],
			"to": [7, 5, 0.02],
			"faces": {
				"north": {"uv": [9, 11, 10, 12], "texture": "#frame", "cullface": "north"},
				"south": {"uv": [6, 11, 7, 12], "texture": "#frame"}
			}
		},
		{
			"from": [9, 4, 0],
			"to": [10, 5, 0.02],
			"faces": {
				"north": {"uv": [6, 11, 7, 12], "texture": "#frame", "cullface": "north"},
				"south": {"uv": [9, 11, 10, 12], "texture": "#frame"}
			}
		},
		{
			"from": [10, 5, 0],
			"to": [11, 6, 0.02],
			"faces": {
				"north": {"uv": [5, 10, 6, 11], "texture": "#frame", "cullface": "north"},
				"south": {"uv": [10, 10, 11, 11], "texture": "#frame"}
			}
		},
		{
			"from": [11, 6, 0],
			"to": [12, 7, 0.02],
			"faces": {
				"north": {"uv": [4, 9, 5, 10], "texture": "#frame", "cullface": "north"},
				"south": {"uv": [11, 9, 12, 10], "texture": "#frame"}
			}
		},
		{
			"from": [15.98, 7, 12],
			"to": [16, 9, 14],
			"rotation": {"angle": 0, "axis": "y", "origin": [8, 8, 8]},
			"faces": {
				"east": {"uv": [2, 7, 4, 9], "texture": "#frame", "cullface": "east"},
				"west": {"uv": [12, 7, 14, 9], "texture": "#frame"}
			}
		},
		{
			"from": [15.98, 12, 7],
			"to": [16, 14, 9],
			"rotation": {"angle": 0, "axis": "y", "origin": [8, 8, 8]},
			"faces": {
				"east": {"uv": [7, 2, 9, 4], "texture": "#frame", "cullface": "east"},
				"west": {"uv": [7, 2, 9, 4], "texture": "#frame"}
			}
		},
		{
			"from": [15.98, 7, 2],
			"to": [16, 9, 4],
			"rotation": {"angle": 0, "axis": "y", "origin": [8, 8, 8]},
			"faces": {
				"east": {"uv": [12, 7, 14, 9], "texture": "#frame", "cullface": "east"},
				"west": {"uv": [2, 7, 4, 9], "texture": "#frame"}
			}
		},
		{
			"from": [15.98, 2, 7],
			"to": [16, 4, 9],
			"rotation": {"angle": 0, "axis": "y", "origin": [8, 8, 8]},
			"faces": {
				"east": {"uv": [7, 12, 9, 14], "texture": "#frame", "cullface": "east"},
				"west": {"uv": [7, 12, 9, 14], "texture": "#frame"}
			}
		},
		{
			"from": [15.98, 9, 11],
			"to": [16, 10, 12],
			"rotation": {"angle": 0, "axis": "y", "origin": [8, 8, 8]},
			"faces": {
				"east": {"uv": [4, 6, 5, 7], "texture": "#frame", "cullface": "east"},
				"west": {"uv": [11, 6, 12, 7], "texture": "#frame"}
			}
		},
		{
			"from": [15.98, 10, 10],
			"to": [16, 11, 11],
			"rotation": {"angle": 0, "axis": "y", "origin": [8, 8, 8]},
			"faces": {
				"east": {"uv": [5, 5, 6, 6], "texture": "#frame", "cullface": "east"},
				"west": {"uv": [10, 5, 11, 6], "texture": "#frame"}
			}
		},
		{
			"from": [15.98, 11, 9],
			"to": [16, 12, 10],
			"rotation": {"angle": 0, "axis": "y", "origin": [8, 8, 8]},
			"faces": {
				"east": {"uv": [6, 4, 7, 5], "texture": "#frame", "cullface": "east"},
				"west": {"uv": [9, 4, 10, 5], "texture": "#frame"}
			}
		},
		{
			"from": [15.98, 11, 6],
			"to": [16, 12, 7],
			"rotation": {"angle": 0, "axis": "y", "origin": [8, 8, 8]},
			"faces": {
				"east": {"uv": [9, 4, 10, 5], "texture": "#frame", "cullface": "east"},
				"west": {"uv": [6, 4, 7, 5], "texture": "#frame"}
			}
		},
		{
			"from": [15.98, 10, 5],
			"to": [16, 11, 6],
			"rotation": {"angle": 0, "axis": "y", "origin": [8, 8, 8]},
			"faces": {
				"east": {"uv": [10, 5, 11, 6], "texture": "#frame", "cullface": "east"},
				"west": {"uv": [5, 5, 6, 6], "texture": "#frame"}
			}
		},
		{
			"from": [15.98, 9, 4],
			"to": [16, 10, 5],
			"rotation": {"angle": 0, "axis": "y", "origin": [8, 8, 8]},
			"faces": {
				"east": {"uv": [11, 6, 12, 7], "texture": "#frame", "cullface": "east"},
				"west": {"uv": [3, 6, 4, 7], "texture": "#frame"}
			}
		},
		{
			"from": [15.98, 6, 4],
			"to": [16, 7, 5],
			"rotation": {"angle": 0, "axis": "y", "origin": [8, 8, 8]},
			"faces": {
				"east": {"uv": [11, 9, 12, 10], "texture": "#frame", "cullface": "east"},
				"west": {"uv": [4, 9, 5, 10], "texture": "#frame"}
			}
		},
		{
			"from": [15.98, 5, 5],
			"to": [16, 6, 6],
			"rotation": {"angle": 0, "axis": "y", "origin": [8, 8, 8]},
			"faces": {
				"east": {"uv": [10, 10, 11, 11], "texture": "#frame", "cullface": "east"},
				"west": {"uv": [5, 10, 6, 11], "texture": "#frame"}
			}
		},
		{
			"from": [15.98, 4, 6],
			"to": [16, 5, 7],
			"rotation": {"angle": 0, "axis": "y", "origin": [8, 8, 8]},
			"faces": {
				"east": {"uv": [9, 11, 10, 12], "texture": "#frame", "cullface": "east"},
				"west": {"uv": [6, 11, 7, 12], "texture": "#frame"}
			}
		},
		{
			"from": [15.98, 4, 9],
			"to": [16, 5, 10],
			"rotation": {"angle": 0, "axis": "y", "origin": [8, 8, 8]},
			"faces": {
				"east": {"uv": [6, 11, 7, 12], "texture": "#frame", "cullface": "east"},
				"west": {"uv": [9, 11, 10, 12], "texture": "#frame"}
			}
		},
		{
			"from": [15.98, 5, 10],
			"to": [16, 6, 11],
			"rotation": {"angle": 0, "axis": "y", "origin": [8, 8, 8]},
			"faces": {
				"east": {"uv": [5, 10, 6, 11], "texture": "#frame", "cullface": "east"},
				"west": {"uv": [10, 10, 11, 11], "texture": "#frame"}
			}
		},
		{
			"from": [15.98, 6, 11],
			"to": [16, 7, 12],
			"rotation": {"angle": 0, "axis": "y", "origin": [8, 8, 8]},
			"faces": {
				"east": {"uv": [4, 9, 5, 10], "texture": "#frame", "cullface": "east"},
				"west": {"uv": [11, 9, 12, 10], "texture": "#frame"}
			}
		},
		{
			"from": [2, 7, 15.98],
			"to": [4, 9, 16],
			"rotation": {"angle": 0, "axis": "y", "origin": [8, 8, 8]},
			"faces": {
				"north": {"uv": [12, 7, 14, 9], "texture": "#frame"},
				"south": {"uv": [2, 7, 4, 9], "texture": "#frame", "cullface": "south"}
			}
		},
		{
			"from": [7, 12, 15.98],
			"to": [9, 14, 16],
			"rotation": {"angle": 0, "axis": "y", "origin": [8, 8, 8]},
			"faces": {
				"north": {"uv": [7, 2, 9, 4], "texture": "#frame"},
				"south": {"uv": [7, 2, 9, 4], "texture": "#frame", "cullface": "south"}
			}
		},
		{
			"from": [12, 7, 15.98],
			"to": [14, 9, 16],
			"rotation": {"angle": 0, "axis": "y", "origin": [8, 8, 8]},
			"faces": {
				"north": {"uv": [2, 7, 4, 9], "texture": "#frame"},
				"south": {"uv": [12, 7, 14, 9], "texture": "#frame", "cullface": "south"}
			}
		},
		{
			"from": [7, 2, 15.98],
			"to": [9, 4, 16],
			"rotation": {"angle": 0, "axis": "y", "origin": [8, 8, 8]},
			"faces": {
				"north": {"uv": [7, 12, 9, 14], "texture": "#frame"},
				"south": {"uv": [7, 12, 9, 14], "texture": "#frame", "cullface": "south"}
			}
		},
		{
			"from": [4, 9, 15.98],
			"to": [5, 10, 16],
			"rotation": {"angle": 0, "axis": "y", "origin": [8, 8, 8]},
			"faces": {
				"north": {"uv": [11, 6, 12, 7], "texture": "#frame"},
				"south": {"uv": [4, 6, 5, 7], "texture": "#frame", "cullface": "south"}
			}
		},
		{
			"from": [5, 10, 15.98],
			"to": [6, 11, 16],
			"rotation": {"angle": 0, "axis": "y", "origin": [8, 8, 8]},
			"faces": {
				"north": {"uv": [10, 5, 11, 6], "texture": "#frame"},
				"south": {"uv": [5, 5, 6, 6], "texture": "#frame", "cullface": "south"}
			}
		},
		{
			"from": [6, 11, 15.98],
			"to": [7, 12, 16],
			"rotation": {"angle": 0, "axis": "y", "origin": [8, 8, 8]},
			"faces": {
				"north": {"uv": [9, 4, 10, 5], "texture": "#frame"},
				"south": {"uv": [6, 4, 7, 5], "texture": "#frame", "cullface": "south"}
			}
		},
		{
			"from": [9, 11, 15.98],
			"to": [10, 12, 16],
			"rotation": {"angle": 0, "axis": "y", "origin": [8, 8, 8]},
			"faces": {
				"north": {"uv": [6, 4, 7, 5], "texture": "#frame"},
				"south": {"uv": [9, 4, 10, 5], "texture": "#frame", "cullface": "south"}
			}
		},
		{
			"from": [10, 10, 15.98],
			"to": [11, 11, 16],
			"rotation": {"angle": 0, "axis": "y", "origin": [8, 8, 8]},
			"faces": {
				"north": {"uv": [5, 5, 6, 6], "texture": "#frame"},
				"south": {"uv": [10, 5, 11, 6], "texture": "#frame", "cullface": "south"}
			}
		},
		{
			"from": [11, 9, 15.98],
			"to": [12, 10, 16],
			"rotation": {"angle": 0, "axis": "y", "origin": [8, 8, 8]},
			"faces": {
				"north": {"uv": [3, 6, 4, 7], "texture": "#frame"},
				"south": {"uv": [11, 6, 12, 7], "texture": "#frame", "cullface": "south"}
			}
		},
		{
			"from": [11, 6, 15.98],
			"to": [12, 7, 16],
			"rotation": {"angle": 0, "axis": "y", "origin": [8, 8, 8]},
			"faces": {
				"north": {"uv": [4, 9, 5, 10], "texture": "#frame"},
				"south": {"uv": [11, 9, 12, 10], "texture": "#frame", "cullface": "south"}
			}
		},
		{
			"from": [10, 5, 15.98],
			"to": [11, 6, 16],
			"rotation": {"angle": 0, "axis": "y", "origin": [8, 8, 8]},
			"faces": {
				"north": {"uv": [5, 10, 6, 11], "texture": "#frame"},
				"south": {"uv": [10, 10, 11, 11], "texture": "#frame", "cullface": "south"}
			}
		},
		{
			"from": [9, 4, 15.98],
			"to": [10, 5, 16],
			"rotation": {"angle": 0, "axis": "y", "origin": [8, 8, 8]},
			"faces": {
				"north": {"uv": [6, 11, 7, 12], "texture": "#frame"},
				"south": {"uv": [9, 11, 10, 12], "texture": "#frame", "cullface": "south"}
			}
		},
		{
			"from": [6, 4, 15.98],
			"to": [7, 5, 16],
			"rotation": {"angle": 0, "axis": "y", "origin": [8, 8, 8]},
			"faces": {
				"north": {"uv": [9, 11, 10, 12], "texture": "#frame"},
				"south": {"uv": [6, 11, 7, 12], "texture": "#frame", "cullface": "south"}
			}
		},
		{
			"from": [5, 5, 15.98],
			"to": [6, 6, 16],
			"rotation": {"angle": 0, "axis": "y", "origin": [8, 8, 8]},
			"faces": {
				"north": {"uv": [10, 10, 11, 11], "texture": "#frame"},
				"south": {"uv": [5, 10, 6, 11], "texture": "#frame", "cullface": "south"}
			}
		},
		{
			"from": [4, 6, 15.98],
			"to": [5, 7, 16],
			"rotation": {"angle": 0, "axis": "y", "origin": [8, 8, 8]},
			"faces": {
				"north": {"uv": [11, 9, 12, 10], "texture": "#frame"},
				"south": {"uv": [4, 9, 5, 10], "texture": "#frame", "cullface": "south"}
			}
		},
		{
			"from": [0, 7, 2],
			"to": [0.02, 9, 4],
			"rotation": {"angle": 0, "axis": "y", "origin": [8, 8, 8]},
			"faces": {
				"east": {"uv": [12, 7, 14, 9], "texture": "#frame"},
				"west": {"uv": [2, 7, 4, 9], "texture": "#frame", "cullface": "west"}
			}
		},
		{
			"from": [0, 12, 7],
			"to": [0.02, 14, 9],
			"rotation": {"angle": 0, "axis": "y", "origin": [8, 8, 8]},
			"faces": {
				"east": {"uv": [7, 2, 9, 4], "texture": "#frame"},
				"west": {"uv": [7, 2, 9, 4], "texture": "#frame", "cullface": "west"}
			}
		},
		{
			"from": [0, 7, 12],
			"to": [0.02, 9, 14],
			"rotation": {"angle": 0, "axis": "y", "origin": [8, 8, 8]},
			"faces": {
				"east": {"uv": [2, 7, 4, 9], "texture": "#frame"},
				"west": {"uv": [12, 7, 14, 9], "texture": "#frame", "cullface": "west"}
			}
		},
		{
			"from": [0, 2, 7],
			"to": [0.02, 4, 9],
			"rotation": {"angle": 0, "axis": "y", "origin": [8, 8, 8]},
			"faces": {
				"east": {"uv": [7, 12, 9, 14], "texture": "#frame"},
				"west": {"uv": [7, 12, 9, 14], "texture": "#frame", "cullface": "west"}
			}
		},
		{
			"from": [0, 9, 4],
			"to": [0.02, 10, 5],
			"rotation": {"angle": 0, "axis": "y", "origin": [8, 8, 8]},
			"faces": {
				"east": {"uv": [11, 6, 12, 7], "texture": "#frame"},
				"west": {"uv": [4, 6, 5, 7], "texture": "#frame", "cullface": "west"}
			}
		},
		{
			"from": [0, 10, 5],
			"to": [0.02, 11, 6],
			"rotation": {"angle": 0, "axis": "y", "origin": [8, 8, 8]},
			"faces": {
				"east": {"uv": [10, 5, 11, 6], "texture": "#frame"},
				"west": {"uv": [5, 5, 6, 6], "texture": "#frame", "cullface": "west"}
			}
		},
		{
			"from": [0, 11, 6],
			"to": [0.02, 12, 7],
			"rotation": {"angle": 0, "axis": "y", "origin": [8, 8, 8]},
			"faces": {
				"east": {"uv": [9, 4, 10, 5], "texture": "#frame"},
				"west": {"uv": [6, 4, 7, 5], "texture": "#frame", "cullface": "west"}
			}
		},
		{
			"from": [0, 11, 9],
			"to": [0.02, 12, 10],
			"rotation": {"angle": 0, "axis": "y", "origin": [8, 8, 8]},
			"faces": {
				"east": {"uv": [6, 4, 7, 5], "texture": "#frame"},
				"west": {"uv": [9, 4, 10, 5], "texture": "#frame", "cullface": "west"}
			}
		},
		{
			"from": [0, 10, 10],
			"to": [0.02, 11, 11],
			"rotation": {"angle": 0, "axis": "y", "origin": [8, 8, 8]},
			"faces": {
				"east": {"uv": [5, 5, 6, 6], "texture": "#frame"},
				"west": {"uv": [10, 5, 11, 6], "texture": "#frame", "cullface": "west"}
			}
		},
		{
			"from": [0, 9, 11],
			"to": [0.02, 10, 12],
			"rotation": {"angle": 0, "axis": "y", "origin": [8, 8, 8]},
			"faces": {
				"east": {"uv": [3, 6, 4, 7], "texture": "#frame"},
				"west": {"uv": [11, 6, 12, 7], "texture": "#frame", "cullface": "west"}
			}
		},
		{
			"from": [0, 6, 11],
			"to": [0.02, 7, 12],
			"rotation": {"angle": 0, "axis": "y", "origin": [8, 8, 8]},
			"faces": {
				"east": {"uv": [4, 9, 5, 10], "texture": "#frame"},
				"west": {"uv": [11, 9, 12, 10], "texture": "#frame", "cullface": "west"}
			}
		},
		{
			"from": [0, 5, 10],
			"to": [0.02, 6, 11],
			"rotation": {"angle": 0, "axis": "y", "origin": [8, 8, 8]},
			"faces": {
				"east": {"uv": [5, 10, 6, 11], "texture": "#frame"},
				"west": {"uv": [10, 10, 11, 11], "texture": "#frame", "cullface": "west"}
			}
		},
		{
			"from": [0, 4, 9],
			"to": [0.02, 5, 10],
			"rotation": {"angle": 0, "axis": "y", "origin": [8, 8, 8]},
			"faces": {
				"east": {"uv": [6, 11, 7, 12], "texture": "#frame"},
				"west": {"uv": [9, 11, 10, 12], "texture": "#frame", "cullface": "west"}
			}
		},
		{
			"from": [0, 4, 6],
			"to": [0.02, 5, 7],
			"rotation": {"angle": 0, "axis": "y", "origin": [8, 8, 8]},
			"faces": {
				"east": {"uv": [9, 11, 10, 12], "texture": "#frame"},
				"west": {"uv": [6, 11, 7, 12], "texture": "#frame", "cullface": "west"}
			}
		},
		{
			"from": [0, 5, 5],
			"to": [0.02, 6, 6],
			"rotation": {"angle": 0, "axis": "y", "origin": [8, 8, 8]},
			"faces": {
				"east": {"uv": [10, 10, 11, 11], "texture": "#frame"},
				"west": {"uv": [5, 10, 6, 11], "texture": "#frame", "cullface": "west"}
			}
		},
		{
			"from": [0, 6, 4],
			"to": [0.02, 7, 5],
			"rotation": {"angle": 0, "axis": "y", "origin": [8, 8, 8]},
			"faces": {
				"east": {"uv": [11, 9, 12, 10], "texture": "#frame"},
				"west": {"uv": [4, 9, 5, 10], "texture": "#frame", "cullface": "west"}
			}
		},
		{
			"from": [2, 0, 7],
			"to": [4, 0.02, 9],
			"rotation": {"angle": 0, "axis": "x", "origin": [8, 8, 8]},
			"faces": {
				"up": {"uv": [12, 7, 14, 9], "rotation": 180, "texture": "#frame"},
				"down": {"uv": [2, 7, 4, 9], "texture": "#frame", "cullface": "down"}
			}
		},
		{
			"from": [7, 0, 12],
			"to": [9, 0.02, 14],
			"rotation": {"angle": 0, "axis": "x", "origin": [8, 8, 8]},
			"faces": {
				"up": {"uv": [7, 2, 9, 4], "rotation": 180, "texture": "#frame"},
				"down": {"uv": [7, 2, 9, 4], "texture": "#frame", "cullface": "down"}
			}
		},
		{
			"from": [12, 0, 7],
			"to": [14, 0.02, 9],
			"rotation": {"angle": 0, "axis": "x", "origin": [8, 8, 8]},
			"faces": {
				"up": {"uv": [2, 7, 4, 9], "rotation": 180, "texture": "#frame"},
				"down": {"uv": [12, 7, 14, 9], "texture": "#frame", "cullface": "down"}
			}
		},
		{
			"from": [7, 0, 2],
			"to": [9, 0.02, 4],
			"rotation": {"angle": 0, "axis": "x", "origin": [8, 8, 8]},
			"faces": {
				"up": {"uv": [7, 12, 9, 14], "rotation": 180, "texture": "#frame"},
				"down": {"uv": [7, 12, 9, 14], "texture": "#frame", "cullface": "down"}
			}
		},
		{
			"from": [4, 0, 9],
			"to": [5, 0.02, 10],
			"rotation": {"angle": 0, "axis": "x", "origin": [8, 8, 8]},
			"faces": {
				"up": {"uv": [11, 6, 12, 7], "rotation": 180, "texture": "#frame"},
				"down": {"uv": [4, 6, 5, 7], "texture": "#frame", "cullface": "down"}
			}
		},
		{
			"from": [5, 0, 10],
			"to": [6, 0.02, 11],
			"rotation": {"angle": 0, "axis": "x", "origin": [8, 8, 8]},
			"faces": {
				"up": {"uv": [10, 5, 11, 6], "rotation": 180, "texture": "#frame"},
				"down": {"uv": [5, 5, 6, 6], "texture": "#frame", "cullface": "down"}
			}
		},
		{
			"from": [6, 0, 11],
			"to": [7, 0.02, 12],
			"rotation": {"angle": 0, "axis": "x", "origin": [8, 8, 8]},
			"faces": {
				"up": {"uv": [9, 4, 10, 5], "rotation": 180, "texture": "#frame"},
				"down": {"uv": [6, 4, 7, 5], "texture": "#frame", "cullface": "down"}
			}
		},
		{
			"from": [9, 0, 11],
			"to": [10, 0.02, 12],
			"rotation": {"angle": 0, "axis": "x", "origin": [8, 8, 8]},
			"faces": {
				"up": {"uv": [6, 4, 7, 5], "rotation": 180, "texture": "#frame"},
				"down": {"uv": [9, 4, 10, 5], "texture": "#frame", "cullface": "down"}
			}
		},
		{
			"from": [10, 0, 10],
			"to": [11, 0.02, 11],
			"rotation": {"angle": 0, "axis": "x", "origin": [8, 8, 8]},
			"faces": {
				"up": {"uv": [5, 5, 6, 6], "rotation": 180, "texture": "#frame"},
				"down": {"uv": [10, 5, 11, 6], "texture": "#frame", "cullface": "down"}
			}
		},
		{
			"from": [11, 0, 9],
			"to": [12, 0.02, 10],
			"rotation": {"angle": 0, "axis": "x", "origin": [8, 8, 8]},
			"faces": {
				"up": {"uv": [3, 6, 4, 7], "rotation": 180, "texture": "#frame"},
				"down": {"uv": [11, 6, 12, 7], "texture": "#frame", "cullface": "down"}
			}
		},
		{
			"from": [11, 0, 6],
			"to": [12, 0.02, 7],
			"rotation": {"angle": 0, "axis": "x", "origin": [8, 8, 8]},
			"faces": {
				"up": {"uv": [4, 9, 5, 10], "rotation": 180, "texture": "#frame"},
				"down": {"uv": [11, 9, 12, 10], "texture": "#frame", "cullface": "down"}
			}
		},
		{
			"from": [10, 0, 5],
			"to": [11, 0.02, 6],
			"rotation": {"angle": 0, "axis": "x", "origin": [8, 8, 8]},
			"faces": {
				"up": {"uv": [5, 10, 6, 11], "rotation": 180, "texture": "#frame"},
				"down": {"uv": [10, 10, 11, 11], "texture": "#frame", "cullface": "down"}
			}
		},
		{
			"from": [9, 0, 4],
			"to": [10, 0.02, 5],
			"rotation": {"angle": 0, "axis": "x", "origin": [8, 8, 8]},
			"faces": {
				"up": {"uv": [6, 11, 7, 12], "rotation": 180, "texture": "#frame"},
				"down": {"uv": [9, 11, 10, 12], "texture": "#frame", "cullface": "down"}
			}
		},
		{
			"from": [6, 0, 4],
			"to": [7, 0.02, 5],
			"rotation": {"angle": 0, "axis": "x", "origin": [8, 8, 8]},
			"faces": {
				"up": {"uv": [9, 11, 10, 12], "rotation": 180, "texture": "#frame"},
				"down": {"uv": [6, 11, 7, 12], "texture": "#frame", "cullface": "down"}
			}
		},
		{
			"from": [5, 0, 5],
			"to": [6, 0.02, 6],
			"rotation": {"angle": 0, "axis": "x", "origin": [8, 8, 8]},
			"faces": {
				"up": {"uv": [10, 10, 11, 11], "rotation": 180, "texture": "#frame"},
				"down": {"uv": [5, 10, 6, 11], "texture": "#frame", "cullface": "down"}
			}
		},
		{
			"from": [4, 0, 6],
			"to": [5, 0.02, 7],
			"rotation": {"angle": 0, "axis": "x", "origin": [8, 8, 8]},
			"faces": {
				"up": {"uv": [11, 9, 12, 10], "rotation": 180, "texture": "#frame"},
				"down": {"uv": [4, 9, 5, 10], "texture": "#frame", "cullface": "down"}
			}
		}
	],
	"groups": [
		0,
		{
			"name": "frame",
			"origin": [0, 0, 0],
			"color": 0,
			"children": [1, 2, 3, 4, 5, 6, 7, 8, 9, 10, 11, 12]
		},
		{
			"name": "cage_up",
			"origin": [8, 8, 8],
			"color": 0,
			"children": [13, 14, 15, 16, 17, 18, 19, 20, 21, 22, 23, 24, 25, 26, 27, 28]
		},
		{
			"name": "cage_north",
			"origin": [8, 8, 8],
			"color": 0,
			"children": [29, 30, 31, 32, 33, 34, 35, 36, 37, 38, 39, 40, 41, 42, 43, 44]
		},
		{
			"name": "cage_east",
			"origin": [8, 8, 8],
			"color": 0,
			"children": [45, 46, 47, 48, 49, 50, 51, 52, 53, 54, 55, 56, 57, 58, 59, 60]
		},
		{
			"name": "cage_south",
			"origin": [8, 8, 8],
			"color": 0,
			"children": [61, 62, 63, 64, 65, 66, 67, 68, 69, 70, 71, 72, 73, 74, 75, 76]
		},
		{
			"name": "cage_west",
			"origin": [8, 8, 8],
			"color": 0,
			"children": [77, 78, 79, 80, 81, 82, 83, 84, 85, 86, 87, 88, 89, 90, 91, 92]
		},
		{
			"name": "cage_down",
			"origin": [8, 8, 8],
			"color": 0,
			"children": [93, 94, 95, 96, 97, 98, 99, 100, 101, 102, 103, 104, 105, 106, 107, 108]
		}
	]
}