{
	"credit": "Made with Blockbench",
	"parent": "block/block",
	"textures": {
		"frame": "block/oak_planks",
		"particle": "block/glowstone",
		"centre": "block/glowstone"
	},
	"elements": [
		{
			"from": [0.01, 0.01, 0.01],
			"to": [15.99, 15.99, 15.99],
			"faces": {
				"north": {"uv": [0.02, 0.02, 16, 16], "texture": "#centre", "cullface": "north"},
				"east": {"uv": [0.02, 0.02, 16, 16], "texture": "#centre", "cullface": "east"},
				"south": {"uv": [0.02, 0.02, 16, 16], "texture": "#centre", "cullface": "south"},
				"west": {"uv": [0.02, 0.02, 16, 16], "texture": "#centre", "cullface": "west"},
				"up": {"uv": [0.02, 0.02, 16, 16], "texture": "#centre", "cullface": "up"},
				"down": {"uv": [0.02, 0.02, 16, 16], "texture": "#centre", "cullface": "down"}
			}
		},
		{
			"from": [7, 0, 0],
			"to": [9, 16, 0],
			"faces": {
				"north": {"uv": [7, 0, 9, 16], "texture": "#frame", "cullface": "north"}
			}
		},
		{
			"from": [0, 7, -0.01],
			"to": [16, 9, -0.01],
			"faces": {
				"north": {"uv": [0, 7, 16, 9], "texture": "#frame", "cullface": "north"}
			}
		},
		{
			"from": [7, 0, 16],
			"to": [9, 16, 16],
			"faces": {
				"south": {"uv": [7, 0, 9, 16], "texture": "#frame", "cullface": "south"}
			}
		},
		{
			"from": [0, 7, 16.01],
			"to": [16, 9, 16.01],
			"faces": {
				"south": {"uv": [0, 7, 16, 9], "texture": "#frame", "cullface": "south"}
			}
		},
		{
			"from": [-0.01, 0, 7],
			"to": [-0.01, 16.02, 9],
			"faces": {
				"west": {"uv": [7, 0, 9, 16], "texture": "#frame", "cullface": "west"}
			}
		},
		{
			"from": [0, 7, -0.01],
			"to": [0, 9, 16.01],
			"faces": {
				"west": {"uv": [0, 7, 16, 9], "texture": "#frame", "cullface": "west"}
			}
		},
		{
			"from": [16.01, 0, 7],
			"to": [16.01, 16.02, 9],
			"faces": {
				"east": {"uv": [7, 0, 9, 16], "texture": "#frame", "cullface": "east"}
			}
		},
		{
			"from": [16, 7, -0.01],
			"to": [16, 9, 16.01],
			"faces": {
				"east": {"uv": [0, 7, 16, 9], "texture": "#frame", "cullface": "east"}
			}
		},
		{
			"from": [7, 0, 0],
			"to": [9, 0, 16],
			"faces": {
				"down": {"uv": [7, 0, 9, 16], "rotation": 180, "texture": "#frame", "cullface": "down"}
			}
		},
		{
			"from": [0, -0.01, 7],
			"to": [16, -0.01, 9],
			"faces": {
				"down": {"uv": [0, 7, 16, 9], "rotation": 180, "texture": "#frame", "cullface": "down"}
			}
		},
		{
			"from": [7, 16, 0],
			"to": [9, 16, 16],
			"faces": {
				"up": {"uv": [7, 0, 9, 16], "texture": "#frame", "cullface": "up"}
			}
		},
		{
			"from": [0, 16.01, 7],
			"to": [16, 16.01, 9],
			"faces": {
				"up": {"uv": [0, 7, 16, 9], "texture": "#frame", "cullface": "up"}
			}
		}
	],
	"groups": [
		0,
		{
			"name": "mainframe",
			"origin": [8, 8, 8],
			"color": 0,
			"nbt": "{}",
			"children": [1, 2, 3, 4, 5, 6, 7, 8, 9, 10, 11, 12]
		}
	]
}