{
	"credit": "Made with Blockbench",
	"ambientocclusion": false,
	"textures": {
		"0": "block/oak_planks",
		"1": "block/spruce_door_bottom",
		"2": "block/spruce_door_top",
		"particle": "block/oak_planks"
	},
	"elements": [
		{
			"name": "top",
			"from": [0, 12, 0],
			"to": [3, 16, 16],
			"rotation": {"angle": 0, "axis": "y", "origin": [8, 22, 8]},
			"faces": {
				"north": {"uv": [13, 0, 16, 4], "texture": "#0", "cullface": "north"},
				"east": {"uv": [0, 0, 16, 4], "texture": "#0"},
				"south": {"uv": [0, 0, 3, 4], "texture": "#0", "cullface": "south"},
				"west": {"uv": [0, 0, 16, 4], "texture": "#0", "cullface": "west"},
				"up": {"uv": [0, 0, 16, 3], "rotation": 90, "texture": "#0", "cullface": "up"}
			}
		},
		{
			"name": "main",
			"from": [0, 2, 0],
			"to": [3, 12, 16],
			"rotation": {"angle": 0, "axis": "y", "origin": [8, 10, 8]},
			"faces": {
				"north": {"uv": [2, 0, 12, 3], "rotation": 90, "texture": "#0", "cullface": "north"},
				"east": {"uv": [2, 0, 12, 16], "rotation": 90, "texture": "#0"},
				"south": {"uv": [2, 3, 12, 0], "rotation": 90, "texture": "#0", "cullface": "south"},
				"west": {"uv": [2, 0, 12, 16], "rotation": 270, "texture": "#0", "cullface": "west"}
			}
		},
		{
			"name": "bottom",
			"from": [0, 0, 0],
			"to": [3, 2, 16],
			"rotation": {"angle": 0, "axis": "y", "origin": [8, 8, 8]},
			"faces": {
				"north": {"uv": [13, 3, 16, 5], "texture": "#0", "cullface": "north"},
				"east": {"uv": [0, 3, 16, 5], "texture": "#0"},
				"south": {"uv": [0, 3, 3, 5], "texture": "#0", "cullface": "south"},
				"west": {"uv": [0, 3, 16, 5], "texture": "#0", "cullface": "west"}
			}
		},
		{
			"name": "door_handle",
			"from": [-0.01, 1, 2],
			"to": [3.01, 2, 4],
			"faces": {
				"east": {"uv": [11, 0, 13, 1], "texture": "#1"},
				"west": {"uv": [11, 0, 13, 1], "rotation": 180, "texture": "#1"}
			}
		},
		{
			"name": "door_handle",
			"from": [-0.01, 0, 1],
			"to": [3.01, 1, 2],
			"faces": {
				"east": {"uv": [13, 1, 14, 2], "texture": "#1"},
				"west": {"uv": [13, 1, 14, 2], "texture": "#1"}
			}
		},
		{
			"name": "door_handle",
			"from": [-0.01, 0, 4],
			"to": [3.01, 1, 5],
			"faces": {
				"east": {"uv": [10, 1, 11, 2], "texture": "#1"},
				"west": {"uv": [10, 1, 11, 2], "texture": "#1"}
			}
		},
		{
			"name": "hinge",
			"from": [-0.01, 0, 15],
			"to": [3.01, 1, 16],
			"faces": {
				"east": {"uv": [0, 15, 1, 16], "texture": "#2"},
				"west": {"uv": [0, 15, 1, 16], "texture": "#2"}
			}
		},
		{
			"name": "hinge",
			"from": [-0.01, 10, 15],
			"to": [3.01, 12, 16],
			"faces": {
				"east": {"uv": [0, 4, 1, 6], "texture": "#2"},
				"west": {"uv": [0, 4, 1, 6], "texture": "#2"}
			}
		}
	],
	"groups": [
		0,
		1,
		2,
		{
			"name": "decor",
			"origin": [8, 8, 8],
			"color": 0,
			"children": [3, 4, 5, 6, 7]
		}
	]
}