{
	"credit": "Made with Blockbench",
	"ambientocclusion": false,
	"textures": {
		"0": "block/oak_planks",
		"1": "block/spruce_door_bottom",
		"particle": "block/oak_planks"
	},
	"elements": [
		{
			"name": "top",
			"from": [0, 14, 0],
			"to": [3, 16, 16],
			"rotation": {"angle": 0, "axis": "y", "origin": [8, 8, 8]},
			"faces": {
				"north": {"uv": [13, 6, 16, 8], "texture": "#0", "cullface": "north"},
				"east": {"uv": [0, 6, 16, 8], "texture": "#0"},
				"south": {"uv": [0, 6, 3, 8], "texture": "#0", "cullface": "south"},
				"west": {"uv": [0, 6, 16, 8], "texture": "#0", "cullface": "west"}
			}
		},
		{
			"name": "main",
			"from": [0, 4, 0],
			"to": [3, 14, 16],
			"rotation": {"angle": 0, "axis": "y", "origin": [8, 10, 8]},
			"faces": {
				"north": {"uv": [4, 0, 14, 3], "rotation": 90, "texture": "#0", "cullface": "north"},
				"east": {"uv": [0, 0, 10, 16], "rotation": 90, "texture": "#0"},
				"south": {"uv": [4, 3, 14, 0], "rotation": 90, "texture": "#0", "cullface": "south"},
				"west": {"uv": [4, 0, 14, 16], "rotation": 270, "texture": "#0", "cullface": "west"}
			}
		},
		{
			"name": "bottom",
			"from": [0, 0, 0],
			"to": [3, 4, 16],
			"rotation": {"angle": 0, "axis": "y", "origin": [8, 22, 8]},
			"faces": {
				"north": {"uv": [13, 12, 16, 16], "texture": "#0", "cullface": "north"},
				"east": {"uv": [0, 12, 16, 16], "texture": "#0"},
				"south": {"uv": [0, 12, 3, 16], "texture": "#0", "cullface": "south"},
				"west": {"uv": [0, 12, 16, 16], "texture": "#0", "cullface": "west"},
				"down": {"uv": [0, 0, 16, 3], "rotation": 90, "texture": "#0", "cullface": "down"}
			}
		},
		{
			"name": "door_handle",
			"from": [-0.01, 14, 2],
			"to": [3.01, 15, 4],
			"faces": {
				"east": {"uv": [11, 3, 13, 4], "texture": "#1"},
				"west": {"uv": [11, 3, 13, 4], "rotation": 180, "texture": "#1"}
			}
		},
		{
			"name": "door_handle",
			"from": [-0.01, 15, 1],
			"to": [3.01, 16, 2],
			"faces": {
				"east": {"uv": [13, 2, 14, 3], "texture": "#1"},
				"west": {"uv": [13, 2, 14, 3], "texture": "#1"}
			}
		},
		{
			"name": "door_handle",
			"from": [-0.01, 15, 4],
			"to": [3.01, 16, 5],
			"faces": {
				"east": {"uv": [10, 2, 11, 3], "texture": "#1"},
				"west": {"uv": [10, 2, 11, 3], "texture": "#1"}
			}
		},
		{
			"name": "hinge",
			"from": [-0.01, 15, 15],
			"to": [3.01, 16, 16],
			"faces": {
				"east": {"uv": [0, 0, 1, 1], "texture": "#1"},
				"west": {"uv": [0, 0, 1, 1], "texture": "#1"}
			}
		},
		{
			"name": "hinge",
			"from": [-0.01, 3, 15],
			"to": [3.01, 5, 16],
			"faces": {
				"east": {"uv": [0, 10, 1, 12], "texture": "#1"},
				"west": {"uv": [0, 10, 1, 12], "texture": "#1"}
			}
		}
	],
	"groups": [
		0,
		1,
		2,
		{
			"name": "decor",
			"origin": [8, 8, 8],
			"color": 0,
			"children": [3, 4, 5, 6, 7]
		}
	]
}