{
	"credit": "Made with Blockbench",
	"parent": "minecraft:block/block",
	"ambientocclusion": false,
	"textures": {
		"1": "block/oak_planks",
		"2": "block/dark_oak_planks",
		"particle": "block/oak_planks"
	},
	"elements": [
		{
			"name": "top ending_NW",
			"from": [5, 8, 5],
			"to": [8, 11, 8],
			"rotation": {"angle": 0, "axis": "y", "origin": [8, 8, 8]},
			"faces": {
				"north": {"uv": [13, 0, 16, 3], "texture": "#1"},
				"west": {"uv": [0, 0, 3, 3], "texture": "#1"},
				"up": {"uv": [0, 0, 3, 3], "texture": "#1"},
				"down": {"uv": [15, 4, 12, 1], "rotation": 180, "texture": "#1"}
			}
		},
		{
			"name": "top ending_NE",
			"from": [8, 8, 5],
			"to": [11, 11, 8],
			"rotation": {"angle": 0, "axis": "y", "origin": [8, 8, 8]},
			"faces": {
				"north": {"uv": [0, 0, 3, 3], "texture": "#1"},
				"east": {"uv": [13, 0, 16, 3], "texture": "#1"},
				"up": {"uv": [13, 0, 16, 3], "texture": "#1"},
				"down": {"uv": [15, 4, 12, 1], "rotation": 90, "texture": "#1"}
			}
		},
		{
			"name": "top ending_SE",
			"from": [8, 8, 8],
			"to": [11, 11, 11],
			"rotation": {"angle": 0, "axis": "y", "origin": [8, 8, 8]},
			"faces": {
				"east": {"uv": [0, 0, 3, 3], "texture": "#1"},
				"south": {"uv": [13, 0, 16, 3], "texture": "#1"},
				"up": {"uv": [13, 13, 16, 16], "texture": "#1"},
				"down": {"uv": [15, 4, 12, 1], "texture": "#1"}
			}
		},
		{
			"name": "top ending_SW",
			"from": [5, 8, 8],
			"to": [8, 11, 11],
			"rotation": {"angle": 0, "axis": "y", "origin": [8, 8, 8]},
			"faces": {
				"south": {"uv": [0, 0, 3, 3], "texture": "#1"},
				"west": {"uv": [13, 0, 16, 3], "texture": "#1"},
				"up": {"uv": [0, 13, 3, 16], "texture": "#1"},
				"down": {"uv": [15, 4, 12, 1], "rotation": 270, "texture": "#1"}
			}
		},
		{
			"name": "shingle_middle_N",
			"from": [3, 6.98233, 0.80121],
			"to": [13, 9.87233, 5.80121],
			"rotation": {"angle": -22.5, "axis": "x", "origin": [8, 8, 8]},
			"faces": {
				"north": {"uv": [13.11, 3, 16, 13], "rotation": 270, "texture": "#1"},
				"south": {"uv": [3, 0, 13, 2.89], "texture": "#1"},
				"up": {"uv": [0, 3, 5, 13], "rotation": 90, "texture": "#1"},
				"down": {"uv": [0, 3, 5, 13], "rotation": 90, "texture": "#1"}
			}
		},
		{
			"name": "shingle_down_N1",
			"from": [0, 4.09589, -6.16715],
			"to": [2, 6.98589, -1.16715],
			"rotation": {"angle": -22.5, "axis": "x", "origin": [8, 8, 8]},
			"faces": {
				"north": {"uv": [13.11, 14, 16, 16], "rotation": 270, "texture": "#1"},
				"south": {"uv": [0, 0, 0, 0], "texture": "#1"},
				"up": {"uv": [0, 14, 5, 16], "rotation": 90, "texture": "#1"},
				"down": {"uv": [5, 14, 0, 16], "rotation": 90, "texture": "#1"}
			}
		},
		{
			"name": "shingle_down_N2",
			"from": [-2, 4.09589, -6.16715],
			"to": [0, 6.98589, -1.16715],
			"rotation": {"angle": -22.5, "axis": "x", "origin": [8, 8, 8]},
			"faces": {
				"north": {"uv": [13.11, 0, 16, 2], "rotation": 270, "texture": "#1"},
				"south": {"uv": [0, 0, 0, 0], "texture": "#1"},
				"west": {"uv": [4, 0, 9, 2.89], "texture": "#1"},
				"up": {"uv": [0, 0, 5, 2], "rotation": 90, "texture": "#1"},
				"down": {"uv": [5, 0, 0, 2], "rotation": 90, "texture": "#1"}
			}
		},
		{
			"name": "shingle_down_N2",
			"from": [2, 4.09589, -6.16715],
			"to": [14, 6.98589, 2.83285],
			"rotation": {"angle": -22.5, "axis": "x", "origin": [8, 8, 8]},
			"faces": {
				"north": {"uv": [13.11, 2, 16, 14], "rotation": 270, "texture": "#1"},
				"south": {"uv": [2, 0, 14, 2.89], "texture": "#1"},
				"up": {"uv": [0, 2, 9, 14], "rotation": 90, "texture": "#1"},
				"down": {"uv": [9, 2, 0, 14], "rotation": 90, "texture": "#1"}
			}
		},
		{
			"name": "shingle_down_N3",
			"from": [14, 4.09589, -6.16715],
			"to": [16, 6.98589, -1.16715],
			"rotation": {"angle": -22.5, "axis": "x", "origin": [8, 8, 8]},
			"faces": {
				"north": {"uv": [13.11, 0, 16, 2], "rotation": 270, "texture": "#1"},
				"south": {"uv": [0, 0, 0, 0], "texture": "#1"},
				"up": {"uv": [0, 0, 5, 2], "rotation": 90, "texture": "#1"},
				"down": {"uv": [5, 0, 0, 2], "rotation": 90, "texture": "#1"}
			}
		},
		{
			"name": "shingle_down_N4",
			"from": [16, 4.09589, -6.16715],
			"to": [18, 6.98589, -1.16715],
			"rotation": {"angle": -22.5, "axis": "x", "origin": [8, 8, 8]},
			"faces": {
				"north": {"uv": [13.11, 14, 16, 16], "rotation": 270, "texture": "#1"},
				"east": {"uv": [4, 0, 9, 2.89], "texture": "#1"},
				"south": {"uv": [0, 0, 2, 2.89], "texture": "#1"},
				"up": {"uv": [0, 14, 5, 16], "rotation": 90, "texture": "#1"},
				"down": {"uv": [5, 14, 0, 16], "rotation": 90, "texture": "#1"}
			}
		},
		{
			"name": "shingle_hip_middle_NW",
			"from": [-1.86777, 5.01, 6.01041],
			"to": [6.13223, 10.01, 10.01041],
			"rotation": {"angle": -45, "axis": "y", "origin": [8, 8, 8]},
			"faces": {
				"north": {"uv": [0, 3, 8, 8], "rotation": 180, "texture": "#1"},
				"east": {"uv": [11, 8, 16, 12], "rotation": 270, "texture": "#1"},
				"south": {"uv": [0, 4, 8, 9], "texture": "#1"},
				"west": {"uv": [11, 8, 16, 12], "rotation": 270, "texture": "#1"},
				"up": {"uv": [0, 8, 8, 12], "texture": "#1"},
				"down": {"uv": [0, 8, 8, 12], "texture": "#1"}
			}
		},
		{
			"name": "shingle_hip_down_NW",
			"from": [-9.89741, 0.01, 6.01041],
			"to": [2.10259, 5.01, 10.01041],
			"rotation": {"angle": -45, "axis": "y", "origin": [8, 8, 8]},
			"faces": {
				"north": {"uv": [0, 7, 12, 12], "rotation": 180, "texture": "#1"},
				"east": {"uv": [11, 12, 16, 16], "rotation": 270, "texture": "#1"},
				"south": {"uv": [0, 8, 12, 13], "texture": "#1"},
				"west": {"uv": [11, 12, 16, 16], "rotation": 270, "texture": "#1"},
				"up": {"uv": [0, 8, 12, 12], "texture": "#1"},
				"down": {"uv": [0, 12, 12, 8], "texture": "#1"}
			}
		},
		{
			"name": "shingle_middle_E",
			"from": [10.19879, 6.98233, 3],
			"to": [15.19879, 9.87233, 13],
			"rotation": {"angle": -22.5, "axis": "z", "origin": [8, 8, 8]},
			"faces": {
				"east": {"uv": [13.11, 3, 16, 13], "rotation": 270, "texture": "#1"},
				"west": {"uv": [3, 0, 13, 2.89], "texture": "#1"},
				"up": {"uv": [0, 3, 5, 13], "rotation": 180, "texture": "#1"},
				"down": {"uv": [0, 3, 5, 13], "rotation": 180, "texture": "#1"}
			}
		},
		{
			"name": "shingle_down_E1",
			"from": [17.16715, 4.09589, 0],
			"to": [22.16715, 6.98589, 2],
			"rotation": {"angle": -22.5, "axis": "z", "origin": [8, 8, 8]},
			"faces": {
				"east": {"uv": [13.11, 14, 16, 16], "rotation": 270, "texture": "#1"},
				"west": {"uv": [0, 0, 0, 0], "texture": "#1"},
				"up": {"uv": [0, 14, 5, 16], "rotation": 180, "texture": "#1"},
				"down": {"uv": [0, 16, 5, 14], "rotation": 180, "texture": "#1"}
			}
		},
		{
			"name": "shingle_down_E2",
			"from": [17.16715, 4.09589, -2],
			"to": [22.16715, 6.98589, 0],
			"rotation": {"angle": -22.5, "axis": "z", "origin": [8, 8, 8]},
			"faces": {
				"north": {"uv": [4, 0, 9, 2.89], "texture": "#1"},
				"east": {"uv": [13.11, 0, 16, 2], "rotation": 270, "texture": "#1"},
				"west": {"uv": [0, 0, 0, 0], "texture": "#1"},
				"up": {"uv": [0, 0, 5, 2], "rotation": 180, "texture": "#1"},
				"down": {"uv": [0, 2, 5, 0], "rotation": 180, "texture": "#1"}
			}
		},
		{
			"name": "shingle_down_E2",
			"from": [13.16715, 4.09589, 2],
			"to": [22.16715, 6.98589, 14],
			"rotation": {"angle": -22.5, "axis": "z", "origin": [8, 8, 8]},
			"faces": {
				"east": {"uv": [13.11, 2, 16, 14], "rotation": 270, "texture": "#1"},
				"west": {"uv": [2, 0, 14, 2.89], "texture": "#1"},
				"up": {"uv": [0, 2, 9, 14], "rotation": 180, "texture": "#1"},
				"down": {"uv": [0, 14, 9, 2], "rotation": 180, "texture": "#1"}
			}
		},
		{
			"name": "shingle_down_E3",
			"from": [17.16715, 4.09589, 14],
			"to": [22.16715, 6.98589, 16],
			"rotation": {"angle": -22.5, "axis": "z", "origin": [8, 8, 8]},
			"faces": {
				"east": {"uv": [13, 0, 15.89, 2], "rotation": 270, "texture": "#1"},
				"west": {"uv": [0, 0, 0, 0], "texture": "#1"},
				"up": {"uv": [0, 0, 5, 2], "rotation": 180, "texture": "#1"},
				"down": {"uv": [0, 2, 5, 0], "rotation": 180, "texture": "#1"}
			}
		},
		{
			"name": "shingle_down_E4",
			"from": [17.16715, 4.09589, 16],
			"to": [22.16715, 6.98589, 18],
			"rotation": {"angle": -22.5, "axis": "z", "origin": [8, 8, 8]},
			"faces": {
				"east": {"uv": [13.11, 14, 16, 16], "rotation": 270, "texture": "#1"},
				"south": {"uv": [4, 0, 9, 2.89], "texture": "#1"},
				"west": {"uv": [0, 0, 0, 0], "texture": "#1"},
				"up": {"uv": [0, 14, 5, 16], "rotation": 180, "texture": "#1"},
				"down": {"uv": [0, 16, 5, 14], "rotation": 180, "texture": "#1"}
			}
		},
		{
			"name": "shingle_hip_middle_NE",
			"from": [5.98959, 5.01, -1.86777],
			"to": [9.98959, 10.01, 6.13223],
			"rotation": {"angle": -45, "axis": "y", "origin": [8, 8, 8]},
			"faces": {
				"north": {"uv": [11, 12, 16, 16], "rotation": 270, "texture": "#1"},
				"east": {"uv": [0, 3, 8, 8], "rotation": 180, "texture": "#1"},
				"south": {"uv": [11, 12, 16, 16], "rotation": 270, "texture": "#1"},
				"west": {"uv": [0, 4, 8, 9], "texture": "#1"},
				"up": {"uv": [0, 4, 8, 8], "rotation": 90, "texture": "#1"},
				"down": {"uv": [0, 4, 8, 8], "rotation": 90, "texture": "#1"}
			}
		},
		{
			"name": "shingle_hip_down_NE",
			"from": [5.98959, 0.01, -9.89741],
			"to": [9.98959, 5.01, 2.10259],
			"rotation": {"angle": -45, "axis": "y", "origin": [8, 8, 8]},
			"faces": {
				"north": {"uv": [11, 8, 16, 12], "rotation": 270, "texture": "#1"},
				"east": {"uv": [0, 7, 12, 12], "rotation": 180, "texture": "#1"},
				"south": {"uv": [11, 8, 16, 12], "rotation": 270, "texture": "#1"},
				"west": {"uv": [0, 8, 12, 13], "texture": "#1"},
				"up": {"uv": [0, 4, 12, 8], "rotation": 90, "texture": "#1"},
				"down": {"uv": [12, 4, 0, 8], "rotation": 90, "texture": "#1"}
			}
		},
		{
			"name": "shingle_middle_S",
			"from": [3, 6.98233, 10.19879],
			"to": [13, 9.87233, 15.19879],
			"rotation": {"angle": 22.5, "axis": "x", "origin": [8, 8, 8]},
			"faces": {
				"north": {"uv": [3, 0, 13, 2.89], "texture": "#1"},
				"south": {"uv": [13.11, 3, 16, 13], "rotation": 270, "texture": "#1"},
				"up": {"uv": [0, 3, 5, 13], "rotation": 270, "texture": "#1"},
				"down": {"uv": [0, 3, 5, 13], "rotation": 90, "texture": "#1"}
			}
		},
		{
			"name": "shingle_down_S1",
			"from": [14, 4.09589, 17.16715],
			"to": [16, 6.98589, 22.16715],
			"rotation": {"angle": 22.5, "axis": "x", "origin": [8, 8, 8]},
			"faces": {
				"north": {"uv": [0, 0, 0, 0], "texture": "#1"},
				"south": {"uv": [13.11, 14, 16, 16], "rotation": 270, "texture": "#1"},
				"up": {"uv": [0, 14, 5, 16], "rotation": 270, "texture": "#1"},
				"down": {"uv": [5, 14, 0, 16], "rotation": 270, "texture": "#1"}
			}
		},
		{
			"name": "shingle_down_S2",
			"from": [16, 4.09589, 17.16715],
			"to": [18, 6.98589, 22.16715],
			"rotation": {"angle": 22.5, "axis": "x", "origin": [8, 8, 8]},
			"faces": {
				"north": {"uv": [0, 0, 0, 0], "texture": "#1"},
				"east": {"uv": [4, 0, 9, 2.89], "texture": "#1"},
				"south": {"uv": [13.11, 0, 16, 2], "rotation": 270, "texture": "#1"},
				"up": {"uv": [0, 0, 5, 2], "rotation": 270, "texture": "#1"},
				"down": {"uv": [5, 0, 0, 2], "rotation": 270, "texture": "#1"}
			}
		},
		{
			"name": "shingle_down_S2",
			"from": [2, 4.09589, 13.16715],
			"to": [14, 6.98589, 22.16715],
			"rotation": {"angle": 22.5, "axis": "x", "origin": [8, 8, 8]},
			"faces": {
				"north": {"uv": [2, 0, 14, 2.89], "texture": "#1"},
				"south": {"uv": [13.11, 2, 16, 14], "rotation": 270, "texture": "#1"},
				"up": {"uv": [0, 2, 9, 14], "rotation": 270, "texture": "#1"},
				"down": {"uv": [9, 2, 0, 14], "rotation": 270, "texture": "#1"}
			}
		},
		{
			"name": "shingle_down_S3",
			"from": [0, 4.09589, 17.16715],
			"to": [2, 6.98589, 22.16715],
			"rotation": {"angle": 22.5, "axis": "x", "origin": [8, 8, 8]},
			"faces": {
				"north": {"uv": [0, 0, 0, 0], "texture": "#1"},
				"south": {"uv": [13.11, 0, 16, 2], "rotation": 270, "texture": "#1"},
				"up": {"uv": [0, 0, 5, 2], "rotation": 270, "texture": "#1"},
				"down": {"uv": [5, 0, 0, 2], "rotation": 270, "texture": "#1"}
			}
		},
		{
			"name": "shingle_down_S4",
			"from": [-2, 4.09589, 17.16715],
			"to": [0, 6.98589, 22.16715],
			"rotation": {"angle": 22.5, "axis": "x", "origin": [8, 8, 8]},
			"faces": {
				"north": {"uv": [0, 0, 0, 0], "texture": "#1"},
				"south": {"uv": [13.11, 14, 16, 16], "rotation": 270, "texture": "#1"},
				"west": {"uv": [4, 0, 9, 2.89], "texture": "#1"},
				"up": {"uv": [0, 14, 5, 16], "rotation": 270, "texture": "#1"},
				"down": {"uv": [5, 14, 0, 16], "rotation": 270, "texture": "#1"}
			}
		},
		{
			"name": "shingle_hip_middle_SE",
			"from": [9.86777, 5.01, 5.98959],
			"to": [17.86777, 10.01, 9.98959],
			"rotation": {"angle": -45, "axis": "y", "origin": [8, 8, 8]},
			"faces": {
				"north": {"uv": [0, 4, 8, 9], "texture": "#1"},
				"east": {"uv": [11, 8, 16, 12], "rotation": 270, "texture": "#1"},
				"south": {"uv": [0, 3, 8, 8], "rotation": 180, "texture": "#1"},
				"west": {"uv": [11, 8, 16, 12], "rotation": 270, "texture": "#1"},
				"up": {"uv": [0, 8, 8, 12], "rotation": 180, "texture": "#1"},
				"down": {"uv": [0, 8, 8, 12], "rotation": 180, "texture": "#1"}
			}
		},
		{
			"name": "shingle_hip_down_SE",
			"from": [13.89741, 0.01, 5.98959],
			"to": [25.89741, 5.01, 9.98959],
			"rotation": {"angle": -45, "axis": "y", "origin": [8, 8, 8]},
			"faces": {
				"north": {"uv": [0, 8, 12, 13], "texture": "#1"},
				"east": {"uv": [11, 4, 16, 8], "rotation": 270, "texture": "#1"},
				"south": {"uv": [0, 7, 12, 12], "rotation": 180, "texture": "#1"},
				"west": {"uv": [11, 4, 16, 8], "rotation": 270, "texture": "#1"},
				"up": {"uv": [0, 8, 12, 12], "rotation": 180, "texture": "#1"},
				"down": {"uv": [0, 12, 12, 8], "rotation": 180, "texture": "#1"}
			}
		},
		{
			"name": "shingle_middle_W",
			"from": [0.80121, 6.98233, 3],
			"to": [5.80121, 9.87233, 13],
			"rotation": {"angle": 22.5, "axis": "z", "origin": [8, 8, 8]},
			"faces": {
				"east": {"uv": [3, 0, 13, 2.89], "texture": "#1"},
				"west": {"uv": [13.11, 3, 16, 13], "rotation": 270, "texture": "#1"},
				"up": {"uv": [0, 3, 5, 13], "texture": "#1"},
				"down": {"uv": [0, 3, 5, 13], "texture": "#1"}
			}
		},
		{
			"name": "shingle_down_W1",
			"from": [-6.16715, 4.09589, 14],
			"to": [-1.16715, 6.98589, 16],
			"rotation": {"angle": 22.5, "axis": "z", "origin": [8, 8, 8]},
			"faces": {
				"east": {"uv": [0, 0, 0, 0], "texture": "#1"},
				"west": {"uv": [13.11, 14, 16, 16], "rotation": 270, "texture": "#1"},
				"up": {"uv": [0, 14, 5, 16], "texture": "#1"},
				"down": {"uv": [0, 16, 5, 14], "texture": "#1"}
			}
		},
		{
			"name": "shingle_down_W2",
			"from": [-6.16715, 4.09589, 16],
			"to": [-1.16715, 6.98589, 18],
			"rotation": {"angle": 22.5, "axis": "z", "origin": [8, 8, 8]},
			"faces": {
				"east": {"uv": [0, 0, 0, 0], "texture": "#1"},
				"south": {"uv": [4, 0, 9, 2.89], "texture": "#1"},
				"west": {"uv": [13.11, 0, 16, 2], "rotation": 270, "texture": "#1"},
				"up": {"uv": [0, 0, 5, 2], "texture": "#1"},
				"down": {"uv": [0, 2, 5, 0], "texture": "#1"}
			}
		},
		{
			"name": "shingle_down_W2",
			"from": [-6.16715, 4.09589, 2],
			"to": [2.83285, 6.98589, 14],
			"rotation": {"angle": 22.5, "axis": "z", "origin": [8, 8, 8]},
			"faces": {
				"east": {"uv": [2, 0, 14, 2.89], "texture": "#1"},
				"west": {"uv": [13.11, 2, 16, 14], "rotation": 270, "texture": "#1"},
				"up": {"uv": [0, 2, 9, 14], "texture": "#1"},
				"down": {"uv": [0, 14, 9, 2], "texture": "#1"}
			}
		},
		{
			"name": "shingle_down_W3",
			"from": [-6.16715, 4.09589, 0],
			"to": [-1.16715, 6.98589, 2],
			"rotation": {"angle": 22.5, "axis": "z", "origin": [8, 8, 8]},
			"faces": {
				"east": {"uv": [0, 0, 0, 0], "texture": "#1"},
				"west": {"uv": [13.11, 0, 16, 2], "rotation": 270, "texture": "#1"},
				"up": {"uv": [0, 0, 5, 2], "texture": "#1"},
				"down": {"uv": [0, 2, 5, 0], "texture": "#1"}
			}
		},
		{
			"name": "shingle_down_W4",
			"from": [-6.16715, 4.09589, -2],
			"to": [-1.16715, 6.98589, 0],
			"rotation": {"angle": 22.5, "axis": "z", "origin": [8, 8, 8]},
			"faces": {
				"north": {"uv": [4, 0, 9, 2.89], "texture": "#1"},
				"east": {"uv": [0, 0, 0, 0], "texture": "#1"},
				"west": {"uv": [13.11, 14, 16, 16], "rotation": 270, "texture": "#1"},
				"up": {"uv": [0, 14, 5, 16], "texture": "#1"},
				"down": {"uv": [0, 16, 5, 14], "texture": "#1"}
			}
		},
		{
			"name": "shingle_hip_middle_SW",
			"from": [6.01041, 5.01, 9.86777],
			"to": [10.01041, 10.01, 17.86777],
			"rotation": {"angle": -45, "axis": "y", "origin": [8, 8, 8]},
			"faces": {
				"north": {"uv": [11, 4, 16, 8], "rotation": 270, "texture": "#1"},
				"east": {"uv": [0, 4, 8, 9], "texture": "#1"},
				"south": {"uv": [11, 4, 16, 8], "rotation": 270, "texture": "#1"},
				"west": {"uv": [0, 3, 8, 8], "rotation": 180, "texture": "#1"},
				"up": {"uv": [0, 4, 8, 8], "rotation": 270, "texture": "#1"},
				"down": {"uv": [0, 4, 8, 8], "rotation": 270, "texture": "#1"}
			}
		},
		{
			"name": "shingle_hip_down_SW",
			"from": [6.01041, 0.01, 13.89741],
			"to": [10.01041, 5.01, 25.89741],
			"rotation": {"angle": -45, "axis": "y", "origin": [8, 8, 8]},
			"faces": {
				"north": {"uv": [11, 8, 16, 12], "rotation": 270, "texture": "#1"},
				"east": {"uv": [0, 8, 12, 13], "texture": "#1"},
				"south": {"uv": [11, 8, 16, 12], "rotation": 270, "texture": "#1"},
				"west": {"uv": [0, 7, 12, 12], "rotation": 180, "texture": "#1"},
				"up": {"uv": [0, 4, 12, 8], "rotation": 270, "texture": "#1"},
				"down": {"uv": [12, 4, 0, 8], "rotation": 270, "texture": "#1"}
			}
		},
		{
			"from": [5, 5, 5],
			"to": [11, 6, 11],
			"faces": {
				"down": {"uv": [5, 5, 11, 11], "texture": "#1"}
			}
		},
		{
			"from": [0, 0, 0],
			"to": [16, 2, 16],
			"faces": {
				"up": {"uv": [0, 0, 16, 16], "texture": "#2"},
				"down": {"uv": [0, 0, 16, 16], "texture": "#2", "cullface": "down"}
			}
		},
		{
			"from": [0, 0, -2],
			"to": [16, 2, 0],
			"faces": {
				"down": {"uv": [0, 0, 16, 2], "texture": "#2", "cullface": "down"}
			}
		},
		{
			"from": [0, 0, 16],
			"to": [16, 2, 18],
			"faces": {
				"down": {"uv": [0, 14, 16, 16], "texture": "#2", "cullface": "down"}
			}
		},
		{
			"from": [-2, 0, 0],
			"to": [0, 2, 16],
			"faces": {
				"down": {"uv": [14, 0, 16, 16], "texture": "#2", "cullface": "down"}
			}
		},
		{
			"from": [16, 0, 0],
			"to": [18, 2, 16],
			"faces": {
				"down": {"uv": [0, 0, 2, 16], "texture": "#2", "cullface": "down"}
			}
		},
		{
			"from": [-2, 0, -2],
			"to": [0, 2, 0],
			"faces": {
				"down": {"uv": [14, 0, 16, 2], "texture": "#2", "cullface": "down"}
			}
		},
		{
			"from": [-2, -0.0012, 16],
			"to": [0, 1.9988, 18],
			"faces": {
				"down": {"uv": [14, 14, 16, 16], "texture": "#2", "cullface": "down"}
			}
		},
		{
			"from": [16, -0.001, 16],
			"to": [18, 1.999, 18],
			"faces": {
				"down": {"uv": [0, 14, 2, 16], "texture": "#2", "cullface": "down"}
			}
		},
		{
			"from": [16, 0, -2],
			"to": [18, 2, 0],
			"faces": {
				"down": {"uv": [0, 0, 2, 2], "texture": "#2", "cullface": "down"}
			}
		}
	],
	"display": {
		"thirdperson_righthand": {
			"rotation": [75, 45, 0],
			"translation": [0, 2.5, 0],
			"scale": [0.25, 0.25, 0.25]
		},
		"thirdperson_lefthand": {
			"rotation": [75, 45, 0],
			"translation": [0, 2.5, 0],
			"scale": [0.25, 0.25, 0.25]
		},
		"firstperson_righthand": {
			"rotation": [0, 45, 0],
			"translation": [0, 2.25, 0],
			"scale": [0.27, 0.27, 0.27]
		},
		"firstperson_lefthand": {
			"rotation": [0, 45, 0],
			"translation": [0, 2.25, 0],
			"scale": [0.27, 0.27, 0.27]
		},
		"ground": {
			"translation": [0, 3, 0],
			"scale": [0.25, 0.25, 0.25]
		},
		"gui": {
			"rotation": [30, 225, 0],
			"scale": [0.45, 0.45, 0.45]
		},
		"head": {
			"translation": [0, 13.25, 0]
		},
		"fixed": {
			"scale": [0.5, 0.5, 0.5]
		}
	}
}