{
	"credit": "Made with Blockbench",
	"ambientocclusion": false,
	"textures": {
		"1": "block/oak_planks",
		"2": "block/dark_oak_planks",
		"particle": "block/oak_planks"
	},
	"elements": [
		{
			"name": "shingle_middle_E1",
			"from": [-0.01, 6.98233, 0.80121],
			"to": [15.99, 9.87233, 9.80121],
			"rotation": {"angle": -22.5, "axis": "x", "origin": [8, 8, 8]},
			"faces": {
				"north": {"uv": [13.11, 0, 16, 16], "rotation": 270, "texture": "#1"},
				"east": {"uv": [9, 8, 0, 10.89], "texture": "#1"},
				"south": {"uv": [13.11, 0, 16, 16], "rotation": 270, "texture": "#1"},
				"west": {"uv": [0, 4, 9, 6.89], "texture": "#1"},
				"up": {"uv": [0, 0, 9, 16], "rotation": 90, "texture": "#1"},
				"down": {"uv": [9, 0, 0, 16], "rotation": 90, "texture": "#1"}
			}
		},
		{
			"from": [0, 0, 0],
			"to": [16, 2, 16],
			"faces": {
				"up": {"uv": [0, 0, 16, 16], "texture": "#2"},
				"down": {"uv": [0, 0, 16, 16], "texture": "#2", "cullface": "down"}
			}
		},
		{
			"name": "top ending/back.11",
			"from": [11, 8, 6],
			"to": [16, 11, 8],
			"rotation": {"angle": 0, "axis": "y", "origin": [8, 8, 8]},
			"faces": {
				"north": {"uv": [0, 4, 5, 7], "texture": "#1"},
				"up": {"uv": [11, 0, 16, 2], "texture": "#1"},
				"down": {"uv": [0, 0, 0, 0], "texture": "#1"}
			}
		},
		{
			"name": "top ending/back.8",
			"from": [0, 8, 6],
			"to": [5, 11, 8],
			"rotation": {"angle": 0, "axis": "y", "origin": [8, 8, 8]},
			"faces": {
				"north": {"uv": [11, 4, 16, 7], "texture": "#1"},
				"up": {"uv": [0, 0, 5, 2], "texture": "#1"}
			}
		},
		{
			"name": "shingle_middle_E2",
			"from": [0.80121, 6.98233, -0.01],
			"to": [9.80121, 9.87233, 15.99],
			"rotation": {"angle": 22.5, "axis": "z", "origin": [8, 8, 8]},
			"faces": {
				"north": {"uv": [9, 8, 0, 10.89], "texture": "#1"},
				"east": {"uv": [13.11, 0, 16, 16], "rotation": 270, "texture": "#1"},
				"south": {"uv": [0, 4, 9, 6.89], "texture": "#1"},
				"west": {"uv": [13.11, 0, 16, 16], "rotation": 270, "texture": "#1"},
				"up": {"uv": [0, 0, 9, 16], "texture": "#1"},
				"down": {"uv": [0, 16, 9, 0], "texture": "#1"}
			}
		},
		{
			"name": "top ending/back.12",
			"from": [6, 8, 0],
			"to": [8, 11, 5],
			"rotation": {"angle": 0, "axis": "y", "origin": [8, 8, 8]},
			"faces": {
				"west": {"uv": [0, 4, 5, 7], "texture": "#1"},
				"up": {"uv": [0, 14, 5, 16], "rotation": 90, "texture": "#1"}
			}
		},
		{
			"name": "top ending/back.9",
			"from": [6, 8, 11],
			"to": [8, 11, 16],
			"rotation": {"angle": 0, "axis": "y", "origin": [8, 8, 8]},
			"faces": {
				"west": {"uv": [11, 4, 16, 7], "texture": "#1"},
				"up": {"uv": [11, 14, 16, 16], "rotation": 90, "texture": "#1"},
				"down": {"uv": [0, 0, 0, 0], "texture": "#1"}
			}
		},
		{
			"name": "shingle_middle_E3",
			"from": [0, 6.98233, 6.19879],
			"to": [16, 9.87233, 15.19879],
			"rotation": {"angle": 22.5, "axis": "x", "origin": [8, 8, 8]},
			"faces": {
				"north": {"uv": [13.11, 0, 16, 16], "rotation": 270, "texture": "#1"},
				"east": {"uv": [0, 4, 9, 6.89], "texture": "#1"},
				"south": {"uv": [13.11, 0, 16, 16], "rotation": 270, "texture": "#1"},
				"west": {"uv": [9, 8, 0, 10.89], "texture": "#1"},
				"up": {"uv": [0, 0, 9, 16], "rotation": 270, "texture": "#1"},
				"down": {"uv": [9, 0, 0, 16], "rotation": 270, "texture": "#1"}
			}
		},
		{
			"name": "top ending/back.13",
			"from": [0, 8, 8],
			"to": [5, 11, 10],
			"rotation": {"angle": 0, "axis": "y", "origin": [8, 8, 8]},
			"faces": {
				"south": {"uv": [0, 4, 5, 7], "texture": "#1"},
				"up": {"uv": [0, 14, 5, 16], "texture": "#1"}
			}
		},
		{
			"name": "top ending/back.10",
			"from": [11, 8, 8],
			"to": [16, 11, 10],
			"rotation": {"angle": 0, "axis": "y", "origin": [8, 8, 8]},
			"faces": {
				"south": {"uv": [11, 4, 16, 7], "texture": "#1"},
				"up": {"uv": [11, 14, 16, 16], "texture": "#1"}
			}
		},
		{
			"name": "shingle_middle_E4",
			"from": [6.19879, 6.98233, 0],
			"to": [15.19879, 9.87233, 16],
			"rotation": {"angle": -22.5, "axis": "z", "origin": [8, 8, 8]},
			"faces": {
				"north": {"uv": [0, 4, 9, 6.89], "texture": "#1"},
				"east": {"uv": [13.11, 0, 16, 16], "rotation": 270, "texture": "#1"},
				"south": {"uv": [9, 8, 0, 10.89], "texture": "#1"},
				"west": {"uv": [13.11, 0, 16, 16], "rotation": 270, "texture": "#1"},
				"up": {"uv": [0, 0, 9, 16], "rotation": 180, "texture": "#1"},
				"down": {"uv": [0, 16, 9, 0], "rotation": 180, "texture": "#1"}
			}
		},
		{
			"name": "top ending/back.14",
			"from": [8, 8, 11],
			"to": [10, 11, 16],
			"rotation": {"angle": 0, "axis": "y", "origin": [8, 8, 8]},
			"faces": {
				"east": {"uv": [0, 4, 5, 7], "texture": "#1"},
				"up": {"uv": [11, 0, 16, 2], "rotation": 90, "texture": "#1"}
			}
		},
		{
			"name": "top ending/back.11",
			"from": [8, 8, 0],
			"to": [10, 11, 5],
			"rotation": {"angle": 0, "axis": "y", "origin": [8, 8, 8]},
			"faces": {
				"east": {"uv": [11, 4, 16, 7], "texture": "#1"},
				"up": {"uv": [0, 0, 5, 2], "rotation": 90, "texture": "#1"}
			}
		},
		{
			"name": "top ending/back.4",
			"from": [8, 8, 5],
			"to": [11, 11, 8],
			"rotation": {"angle": 0, "axis": "y", "origin": [8, 8, 8]},
			"faces": {
				"north": {"uv": [0, 0, 3, 3], "texture": "#1"},
				"east": {"uv": [13, 0, 16, 3], "texture": "#1"},
				"up": {"uv": [13, 0, 16, 3], "texture": "#1"}
			}
		},
		{
			"name": "top ending/back.3",
			"from": [5, 8, 5],
			"to": [8, 11, 8],
			"rotation": {"angle": 0, "axis": "y", "origin": [8, 8, 8]},
			"faces": {
				"north": {"uv": [13, 0, 16, 3], "texture": "#1"},
				"west": {"uv": [0, 0, 3, 3], "texture": "#1"},
				"up": {"uv": [0, 0, 3, 3], "texture": "#1"}
			}
		},
		{
			"name": "top ending/back.2",
			"from": [5, 8, 8],
			"to": [8, 11, 11],
			"rotation": {"angle": 0, "axis": "y", "origin": [8, 8, 8]},
			"faces": {
				"south": {"uv": [0, 0, 3, 3], "texture": "#1"},
				"west": {"uv": [13, 0, 16, 3], "texture": "#1"},
				"up": {"uv": [0, 13, 3, 16], "texture": "#1"}
			}
		},
		{
			"name": "top ending/back",
			"from": [8, 8, 8],
			"to": [11, 11, 11],
			"rotation": {"angle": 0, "axis": "y", "origin": [8, 8, 8]},
			"faces": {
				"east": {"uv": [0, 0, 3, 3], "texture": "#1"},
				"south": {"uv": [13, 0, 16, 3], "texture": "#1"},
				"up": {"uv": [13, 13, 16, 16], "texture": "#1"}
			}
		},
		{
			"name": "shingle_down_N",
			"from": [0, 4.09589, -1.16715],
			"to": [16, 6.98589, 0.83285],
			"rotation": {"angle": -22.5, "axis": "x", "origin": [8, 8, 8]},
			"faces": {
				"up": {"uv": [0, 0, 2, 16], "rotation": 90, "texture": "#1"}
			}
		},
		{
			"name": "shingle_down_E",
			"from": [15.16715, 4.09589, 0],
			"to": [17.16715, 6.98589, 16],
			"rotation": {"angle": -22.5, "axis": "z", "origin": [8, 8, 8]},
			"faces": {
				"up": {"uv": [0, 0, 2, 16], "rotation": 180, "texture": "#1"}
			}
		},
		{
			"name": "shingle_down_S",
			"from": [0, 4.09589, 15.16715],
			"to": [16, 6.98589, 17.16715],
			"rotation": {"angle": 22.5, "axis": "x", "origin": [8, 8, 8]},
			"faces": {
				"up": {"uv": [0, 0, 2, 16], "rotation": 270, "texture": "#1"}
			}
		},
		{
			"name": "shingle_down_W",
			"from": [-1.16715, 4.09589, 0],
			"to": [0.83285, 6.98589, 16],
			"rotation": {"angle": 22.5, "axis": "z", "origin": [8, 8, 8]},
			"faces": {
				"up": {"uv": [0, 0, 2, 16], "texture": "#1"}
			}
		}
	],
	"display": {
		"thirdperson_righthand": {
			"rotation": [75, 45, 0],
			"translation": [0, 2.5, 0],
			"scale": [0.375, 0.375, 0.375]
		},
		"thirdperson_lefthand": {
			"rotation": [75, -135, 0],
			"translation": [0, 2.5, 0],
			"scale": [0.375, 0.375, 0.375]
		},
		"firstperson_righthand": {
			"rotation": [0, 45, 0],
			"scale": [0.4, 0.4, 0.4]
		},
		"firstperson_lefthand": {
			"rotation": [0, 225, 0],
			"scale": [0.4, 0.4, 0.4]
		},
		"gui": {
			"rotation": [30, 135, 0],
			"scale": [0.625, 0.625, 0.625]
		}
	}
}