{
	"credit": "Made with Blockbench",
	"ambientocclusion": false,
	"textures": {
		"1": "block/oak_planks",
		"2": "block/dark_oak_planks",
		"particle": "block/oak_planks"
	},
	"elements": [
		{
			"name": "top ending/back.10",
			"from": [8, 8, 0],
			"to": [10, 11, 16],
			"rotation": {"angle": 0, "axis": "y", "origin": [8, 8, 8]},
			"faces": {
				"east": {"uv": [0, 4, 16, 7], "texture": "#1"},
				"up": {"uv": [0, 0, 16, 2], "rotation": 90, "texture": "#1"}
			}
		},
		{
			"name": "top ending/back.9",
			"from": [6, 8, 0],
			"to": [8, 11, 16],
			"rotation": {"angle": 0, "axis": "y", "origin": [8, 8, 8]},
			"faces": {
				"west": {"uv": [0, 4, 16, 7], "texture": "#1"},
				"up": {"uv": [0, 14, 16, 16], "rotation": 90, "texture": "#1"},
				"down": {"uv": [0, 0, 0, 0], "texture": "#1"}
			}
		},
		{
			"name": "shingle_middle_E",
			"from": [7.19879, 6.98233, 0],
			"to": [15.19879, 9.87233, 16],
			"rotation": {"angle": -22.5, "axis": "z", "origin": [8, 8, 2]},
			"faces": {
				"north": {"uv": [0, 8, 8, 10.89], "texture": "#1"},
				"east": {"uv": [13.11, 0, 16, 16], "rotation": 270, "texture": "#1"},
				"south": {"uv": [8, 8, 0, 10.89], "texture": "#1"},
				"up": {"uv": [0, 0, 8, 16], "rotation": 180, "texture": "#1"},
				"down": {"uv": [0, 16, 8, 0], "rotation": 180, "texture": "#1"}
			}
		},
		{
			"name": "shingle_down_E2",
			"from": [13.16715, 4.09589, 0],
			"to": [22.16715, 6.98589, 16],
			"rotation": {"angle": -22.5, "axis": "z", "origin": [8, 8, 8]},
			"faces": {
				"north": {"uv": [0, 12, 9, 14.89], "texture": "#1"},
				"east": {"uv": [13.11, 0, 16, 16], "rotation": 270, "texture": "#1"},
				"south": {"uv": [9, 12, 0, 14.89], "texture": "#1"},
				"west": {"uv": [13.11, 0, 16, 16], "rotation": 270, "texture": "#1", "cullface": "west"},
				"up": {"uv": [0, 0, 9, 16], "rotation": 180, "texture": "#1"},
				"down": {"uv": [0, 16, 9, 0], "rotation": 180, "texture": "#1"}
			}
		},
		{
			"name": "shingle_middle_W",
			"from": [0.80121, 6.98233, -0.01],
			"to": [8.80121, 9.87233, 15.99],
			"rotation": {"angle": 22.5, "axis": "z", "origin": [8, 8, 2]},
			"faces": {
				"north": {"uv": [8, 4, 0, 6.89], "texture": "#1"},
				"south": {"uv": [0, 4, 8, 6.89], "texture": "#1"},
				"west": {"uv": [13.11, 0, 16, 16], "rotation": 270, "texture": "#1"},
				"up": {"uv": [0, 0, 8, 16], "texture": "#1"},
				"down": {"uv": [0, 16, 8, 0], "texture": "#1"}
			}
		},
		{
			"name": "shingle_down_W2",
			"from": [-6.16715, 4.09589, 0],
			"to": [2.83285, 6.98589, 16],
			"rotation": {"angle": 22.5, "axis": "z", "origin": [8, 8, 8]},
			"faces": {
				"north": {"uv": [9, 0, 0, 2.89], "texture": "#1"},
				"east": {"uv": [13.11, 0, 16, 16], "rotation": 270, "texture": "#1", "cullface": "west"},
				"south": {"uv": [0, 0, 9, 2.89], "texture": "#1"},
				"west": {"uv": [13.11, 0, 16, 16], "rotation": 270, "texture": "#1"},
				"up": {"uv": [0, 0, 9, 16], "texture": "#1"},
				"down": {"uv": [0, 16, 9, 0], "texture": "#1"}
			}
		},
		{
			"from": [0, 0, 0],
			"to": [16, 2, 16],
			"faces": {
				"up": {"uv": [0, 0, 16, 16], "texture": "#2"},
				"down": {"uv": [0, 0, 16, 16], "texture": "#2", "cullface": "down"}
			}
		},
		{
			"from": [-2, -0.015, 0],
			"to": [0, 1.985, 16],
			"faces": {
				"down": {"uv": [14, 0, 16, 16], "texture": "#2", "cullface": "down"}
			}
		},
		{
			"from": [16, -0.015, 0],
			"to": [18, 1.985, 16],
			"faces": {
				"down": {"uv": [0, 0, 2, 16], "texture": "#2", "cullface": "down"}
			}
		}
	],
	"display": {
		"thirdperson_righthand": {
			"rotation": [75, 45, 0],
			"translation": [0, 2.5, 0],
			"scale": [0.375, 0.375, 0.375]
		},
		"thirdperson_lefthand": {
			"rotation": [75, -135, 0],
			"translation": [0, 2.5, 0],
			"scale": [0.375, 0.375, 0.375]
		},
		"firstperson_righthand": {
			"rotation": [0, 45, 0],
			"scale": [0.4, 0.4, 0.4]
		},
		"firstperson_lefthand": {
			"rotation": [0, 225, 0],
			"scale": [0.4, 0.4, 0.4]
		},
		"gui": {
			"rotation": [30, 135, 0],
			"scale": [0.625, 0.625, 0.625]
		}
	}
}