{
	"credit": "Made with Blockbench",
	"ambientocclusion": false,
	"textures": {
		"1": "block/oak_planks",
		"2": "block/dark_oak_planks",
		"particle": "block/oak_planks"
	},
	"elements": [
		{
			"name": "shingle_middle_N1",
			"from": [6.99, 6.98233, 0.80121],
			"to": [15.99, 9.87233, 9.80121],
			"rotation": {"angle": -22.5, "axis": "x", "origin": [8, 8, 8]},
			"faces": {
				"north": {"uv": [13.11, 0, 16, 9], "rotation": 270, "texture": "#1"},
				"east": {"uv": [0, 8, 9, 10.89], "texture": "#1"},
				"south": {"uv": [13.11, 7, 16, 16], "rotation": 270, "texture": "#1"},
				"up": {"uv": [0, 0, 9, 9], "rotation": 90, "texture": "#1"},
				"down": {"uv": [9, 0, 0, 9], "rotation": 90, "texture": "#1"}
			}
		},
		{
			"name": "shingle_middle_S1",
			"from": [7, 6.98233, 6.19879],
			"to": [16, 9.87233, 15.19879],
			"rotation": {"angle": 22.5, "axis": "x", "origin": [8, 8, 8]},
			"faces": {
				"north": {"uv": [13.11, 0, 16, 9], "rotation": 270, "texture": "#1"},
				"east": {"uv": [0, 4, 9, 6.89], "texture": "#1"},
				"south": {"uv": [13.11, 7, 16, 16], "rotation": 270, "texture": "#1"},
				"west": {"uv": [0, 0, 0, 0], "texture": "#1"},
				"up": {"uv": [0, 7, 9, 16], "rotation": 270, "texture": "#1"},
				"down": {"uv": [0, 16, 9, 7], "rotation": 270, "texture": "#1"}
			}
		},
		{
			"name": "shingle_middle_N2",
			"from": [2.99, 6.98233, 0.80121],
			"to": [6.99, 9.87233, 4.80121],
			"rotation": {"angle": -22.5, "axis": "x", "origin": [8, 8, 8]},
			"faces": {
				"north": {"uv": [13.11, 9, 16, 13], "rotation": 270, "texture": "#1"},
				"south": {"uv": [3, 0, 7, 2.89], "texture": "#1"},
				"west": {"uv": [0, 0, 4, 2.89], "texture": "#1"},
				"up": {"uv": [0, 9, 4, 13], "rotation": 90, "texture": "#1"},
				"down": {"uv": [4, 9, 0, 13], "rotation": 90, "texture": "#1"}
			}
		},
		{
			"from": [0, 0, 0],
			"to": [16, 2, 16],
			"faces": {
				"up": {"uv": [0, 0, 16, 16], "texture": "#2"},
				"down": {"uv": [0, 0, 16, 16], "texture": "#2", "cullface": "down"}
			}
		},
		{
			"from": [-2, 0.015, 0],
			"to": [0, 2.015, 16],
			"faces": {
				"down": {"uv": [14, 0, 16, 16], "texture": "#2", "cullface": "down"}
			}
		},
		{
			"from": [-2, 0, -2],
			"to": [0, 2, 0],
			"faces": {
				"down": {"uv": [14, 0, 16, 2], "texture": "#2", "cullface": "down"}
			}
		},
		{
			"from": [0, -0.015, -2],
			"to": [16, 1.985, 0],
			"faces": {
				"down": {"uv": [0, 0, 16, 2], "texture": "#2", "cullface": "down"}
			}
		},
		{
			"name": "shingle_middle_W1",
			"from": [0.80121, 6.98233, 6.99],
			"to": [9.80121, 9.87233, 15.99],
			"rotation": {"angle": 22.5, "axis": "z", "origin": [8, 8, 8]},
			"faces": {
				"east": {"uv": [13.11, 0, 16, 9], "rotation": 270, "texture": "#1"},
				"south": {"uv": [0, 4, 9, 6.89], "texture": "#1"},
				"west": {"uv": [13.11, 7, 16, 16], "rotation": 270, "texture": "#1"},
				"up": {"uv": [0, 7, 9, 16], "texture": "#1"},
				"down": {"uv": [0, 16, 9, 7], "texture": "#1"}
			}
		},
		{
			"name": "shingle_middle_E1",
			"from": [6.19879, 6.98233, 7],
			"to": [15.19879, 9.87233, 16],
			"rotation": {"angle": -22.5, "axis": "z", "origin": [8, 8, 8]},
			"faces": {
				"north": {"uv": [0, 0, 0, 0], "texture": "#1"},
				"east": {"uv": [13.11, 0, 16, 9], "rotation": 270, "texture": "#1"},
				"south": {"uv": [9, 8, 0, 10.89], "texture": "#1"},
				"west": {"uv": [13.11, 7, 16, 16], "rotation": 270, "texture": "#1"},
				"up": {"uv": [0, 0, 9, 9], "rotation": 180, "texture": "#1"},
				"down": {"uv": [0, 9, 9, 0], "rotation": 180, "texture": "#1"}
			}
		},
		{
			"name": "shingle_middle_W2",
			"from": [0.80121, 6.98233, 3],
			"to": [4.80121, 9.87233, 7],
			"rotation": {"angle": 22.5, "axis": "z", "origin": [8, 8, 8]},
			"faces": {
				"north": {"uv": [0, 0, 4, 2.89], "texture": "#1"},
				"east": {"uv": [3, 0, 7, 2.89], "texture": "#1"},
				"west": {"uv": [13.11, 3, 16, 7], "rotation": 270, "texture": "#1"},
				"up": {"uv": [0, 3, 4, 7], "texture": "#1"},
				"down": {"uv": [0, 3, 4, 7], "texture": "#1"}
			}
		},
		{
			"name": "shingle_down_N1",
			"from": [2, 4.09589, -6.16715],
			"to": [16, 6.98589, 2.83285],
			"rotation": {"angle": -22.5, "axis": "x", "origin": [8, 8, 8]},
			"faces": {
				"north": {"uv": [13.11, 0, 16, 14], "rotation": 270, "texture": "#1"},
				"east": {"uv": [9, 12, 0, 14.89], "texture": "#1"},
				"south": {"uv": [13.11, 2, 16, 16], "rotation": 270, "texture": "#1", "cullface": "north"},
				"up": {"uv": [0, 0, 9, 14], "rotation": 90, "texture": "#1"},
				"down": {"uv": [9, 0, 0, 14], "rotation": 90, "texture": "#1"}
			}
		},
		{
			"name": "shingle_down_N2",
			"from": [0, 4.09589, -6.16715],
			"to": [2, 6.98589, -1.16715],
			"rotation": {"angle": -22.5, "axis": "x", "origin": [8, 8, 8]},
			"faces": {
				"north": {"uv": [13.11, 14, 16, 16], "rotation": 270, "texture": "#1"},
				"south": {"uv": [0, 0, 0, 0], "texture": "#1"},
				"up": {"uv": [0, 14, 5, 16], "rotation": 90, "texture": "#1", "cullface": "north"},
				"down": {"uv": [5, 14, 0, 16], "rotation": 90, "texture": "#1"}
			}
		},
		{
			"name": "shingle_down_N3",
			"from": [-2, 4.09589, -6.16715],
			"to": [0, 6.98589, -1.16715],
			"rotation": {"angle": -22.5, "axis": "x", "origin": [8, 8, 8]},
			"faces": {
				"north": {"uv": [13.11, 0, 16, 2], "rotation": 270, "texture": "#1"},
				"south": {"uv": [0, 0, 0, 0], "texture": "#1"},
				"west": {"uv": [4, 0, 9, 2.89], "texture": "#1", "cullface": "west"},
				"up": {"uv": [0, 0, 5, 2], "rotation": 90, "texture": "#1", "cullface": "west"},
				"down": {"uv": [5, 0, 0, 2], "rotation": 90, "texture": "#1"}
			}
		},
		{
			"name": "shingle_down_W2",
			"from": [-6.16715, 4.09589, 0],
			"to": [-1.16715, 6.98589, 2],
			"rotation": {"angle": 22.5, "axis": "z", "origin": [8, 8, 8]},
			"faces": {
				"east": {"uv": [0, 0, 0, 0], "texture": "#1"},
				"west": {"uv": [13.11, 0, 16, 2], "rotation": 270, "texture": "#1"},
				"up": {"uv": [0, 0, 5, 2], "texture": "#1", "cullface": "west"},
				"down": {"uv": [0, 2, 5, 0], "texture": "#1"}
			}
		},
		{
			"name": "shingle_down_W3",
			"from": [-6.16715, 4.09589, -2],
			"to": [-1.16715, 6.98589, 0],
			"rotation": {"angle": 22.5, "axis": "z", "origin": [8, 8, 8]},
			"faces": {
				"north": {"uv": [4, 0, 9, 2.89], "texture": "#1", "cullface": "north"},
				"east": {"uv": [0, 0, 0, 0], "texture": "#1"},
				"west": {"uv": [13.11, 14, 16, 16], "rotation": 270, "texture": "#1"},
				"up": {"uv": [0, 14, 5, 16], "texture": "#1", "cullface": "west"},
				"down": {"uv": [0, 16, 5, 14], "texture": "#1"}
			}
		},
		{
			"name": "shingle_down_W1",
			"from": [-6.16715, 4.09589, 2],
			"to": [2.83285, 6.98589, 16],
			"rotation": {"angle": 22.5, "axis": "z", "origin": [8, 8, 8]},
			"faces": {
				"east": {"uv": [13.11, 0, 16, 14], "rotation": 270, "texture": "#1", "cullface": "north"},
				"south": {"uv": [0, 0, 9, 2.89], "texture": "#1"},
				"west": {"uv": [13.11, 2, 16, 16], "rotation": 270, "texture": "#1"},
				"up": {"uv": [0, 2, 9, 16], "texture": "#1"},
				"down": {"uv": [0, 16, 9, 2], "texture": "#1"}
			}
		},
		{
			"name": "shingle_down_C1",
			"from": [14, 4.09589, 15.16715],
			"to": [16, 6.98589, 17.16715],
			"rotation": {"angle": 22.5, "axis": "x", "origin": [8, 8, 8]},
			"faces": {
				"up": {"uv": [14, 9, 16, 11], "texture": "#1"}
			}
		},
		{
			"name": "shingle_down_C2",
			"from": [15.16715, 4.09589, 14],
			"to": [17.16715, 6.98589, 16],
			"rotation": {"angle": -22.5, "axis": "z", "origin": [8, 8, 8]},
			"faces": {
				"up": {"uv": [0, 7, 2, 9], "rotation": 270, "texture": "#1"}
			}
		},
		{
			"name": "shingle_hip_middle",
			"from": [-1.86777, 5.02, 6.01041],
			"to": [6.13223, 10.02, 10.01041],
			"rotation": {"angle": -45, "axis": "y", "origin": [8, 8, 8]},
			"faces": {
				"north": {"uv": [0, 3, 8, 8], "rotation": 180, "texture": "#1"},
				"east": {"uv": [11, 4, 16, 8], "rotation": 270, "texture": "#1"},
				"south": {"uv": [0, 4, 8, 9], "texture": "#1"},
				"west": {"uv": [11, 4, 16, 8], "rotation": 270, "texture": "#1"},
				"up": {"uv": [0, 4, 8, 8], "texture": "#1"},
				"down": {"uv": [0, 4, 8, 8], "texture": "#1"}
			}
		},
		{
			"name": "shingle_hip_down",
			"from": [-9.89741, 0.02, 6.01041],
			"to": [2.10259, 5.02, 10.01041],
			"rotation": {"angle": -45, "axis": "y", "origin": [8, 8, 8]},
			"faces": {
				"north": {"uv": [0, 7, 12, 12], "rotation": 180, "texture": "#1"},
				"east": {"uv": [11, 8, 16, 12], "rotation": 270, "texture": "#1"},
				"south": {"uv": [0, 8, 12, 13], "texture": "#1"},
				"west": {"uv": [11, 8, 16, 12], "rotation": 270, "texture": "#1"},
				"up": {"uv": [0, 8, 12, 12], "texture": "#1"},
				"down": {"uv": [0, 8, 12, 12], "texture": "#1"}
			}
		},
		{
			"name": "top ending/back.12",
			"from": [6, 8, 11],
			"to": [8, 11, 16],
			"rotation": {"angle": 0, "axis": "y", "origin": [8, 8, 8]},
			"faces": {
				"west": {"uv": [11, 4, 16, 7], "texture": "#1"},
				"up": {"uv": [11, 14, 16, 16], "rotation": 90, "texture": "#1"},
				"down": {"uv": [0, 0, 0, 0], "texture": "#1"}
			}
		},
		{
			"name": "top ending/back.11",
			"from": [8, 8, 11],
			"to": [10, 11, 16],
			"rotation": {"angle": 0, "axis": "y", "origin": [8, 8, 8]},
			"faces": {
				"east": {"uv": [0, 4, 5, 7], "texture": "#1"},
				"up": {"uv": [11, 0, 16, 2], "rotation": 90, "texture": "#1"}
			}
		},
		{
			"name": "top ending/back.8",
			"from": [11, 8, 6],
			"to": [16, 11, 8],
			"rotation": {"angle": 0, "axis": "y", "origin": [8, 8, 8]},
			"faces": {
				"north": {"uv": [0, 4, 5, 7], "texture": "#1"},
				"up": {"uv": [11, 0, 16, 2], "texture": "#1"},
				"down": {"uv": [0, 0, 0, 0], "texture": "#1"}
			}
		},
		{
			"name": "top ending/back.7",
			"from": [11, 8, 8],
			"to": [16, 11, 10],
			"rotation": {"angle": 0, "axis": "y", "origin": [8, 8, 8]},
			"faces": {
				"south": {"uv": [11, 0, 16, 3], "texture": "#1"},
				"up": {"uv": [11, 14, 16, 16], "texture": "#1"}
			}
		},
		{
			"name": "top ending/back.4",
			"from": [8, 8, 8],
			"to": [11, 11, 11],
			"rotation": {"angle": 0, "axis": "y", "origin": [8, 8, 8]},
			"faces": {
				"east": {"uv": [0, 0, 3, 3], "texture": "#1"},
				"south": {"uv": [13, 0, 16, 3], "texture": "#1"},
				"up": {"uv": [13, 13, 16, 16], "texture": "#1"}
			}
		},
		{
			"name": "top ending/back.3",
			"from": [8, 8, 5],
			"to": [11, 11, 8],
			"rotation": {"angle": 0, "axis": "y", "origin": [8, 8, 8]},
			"faces": {
				"north": {"uv": [0, 0, 3, 3], "texture": "#1"},
				"east": {"uv": [13, 0, 16, 3], "texture": "#1"},
				"up": {"uv": [13, 0, 16, 3], "texture": "#1"}
			}
		},
		{
			"name": "top ending/back.2",
			"from": [5, 8, 5],
			"to": [8, 11, 8],
			"rotation": {"angle": 0, "axis": "y", "origin": [8, 8, 8]},
			"faces": {
				"north": {"uv": [13, 0, 16, 3], "texture": "#1"},
				"west": {"uv": [0, 0, 3, 3], "texture": "#1"},
				"up": {"uv": [0, 0, 3, 3], "texture": "#1"},
				"down": {"uv": [0, 0, 0, 0], "texture": "#1"}
			}
		},
		{
			"name": "top ending/back",
			"from": [5, 8, 8],
			"to": [8, 11, 11],
			"rotation": {"angle": 0, "axis": "y", "origin": [8, 8, 8]},
			"faces": {
				"south": {"uv": [0, 0, 3, 3], "texture": "#1"},
				"west": {"uv": [13, 0, 16, 3], "texture": "#1"},
				"up": {"uv": [0, 13, 3, 16], "texture": "#1"}
			}
		}
	],
	"display": {
		"thirdperson_righthand": {
			"rotation": [75, 45, 0],
			"translation": [0, 2.5, 0],
			"scale": [0.375, 0.375, 0.375]
		},
		"thirdperson_lefthand": {
			"rotation": [75, -135, 0],
			"translation": [0, 2.5, 0],
			"scale": [0.375, 0.375, 0.375]
		},
		"firstperson_righthand": {
			"rotation": [0, 45, 0],
			"scale": [0.4, 0.4, 0.4]
		},
		"firstperson_lefthand": {
			"rotation": [0, 225, 0],
			"scale": [0.4, 0.4, 0.4]
		},
		"gui": {
			"rotation": [30, 135, 0],
			"scale": [0.625, 0.625, 0.625]
		}
	}
}