{
	"credit": "Made with Blockbench",
	"parent": "block/block",
	"textures": {
		"particle": "block/oak_planks",
		"bricks": "block/oak_planks",
		"mortar": "domum_ornamentum:block/brick/dark_mortar"
	},
	"elements": [
		{
			"name": "lower_main",
			"from": [0, 0, 0],
			"to": [16, 8, 16],
			"faces": {
				"north": {"uv": [0, 8, 16, 16], "texture": "#bricks", "cullface": "north"},
				"east": {"uv": [0, 8, 16, 16], "texture": "#bricks", "cullface": "east"},
				"south": {"uv": [0, 8, 16, 16], "texture": "#bricks", "cullface": "south"},
				"west": {"uv": [0, 8, 16, 16], "texture": "#bricks", "cullface": "west"},
				"up": {"uv": [0, 0, 16, 16], "rotation": 90, "texture": "#bricks"},
				"down": {"uv": [0, 0, 16, 16], "rotation": 270, "texture": "#bricks", "cullface": "down"}
			}
		},
		{
			"name": "upper_main",
			"from": [0, 8, 8],
			"to": [16, 16, 16],
			"faces": {
				"north": {"uv": [0, 0, 16, 8], "texture": "#bricks"},
				"east": {"uv": [0, 0, 8, 8], "texture": "#bricks", "cullface": "east"},
				"south": {"uv": [0, 0, 16, 8], "texture": "#bricks", "cullface": "south"},
				"west": {"uv": [8, 0, 16, 8], "texture": "#bricks", "cullface": "west"},
				"up": {"uv": [8, 0, 16, 16], "rotation": 90, "texture": "#bricks", "cullface": "up"}
			}
		},
		{
			"name": "upper_main",
			"from": [8, 8, 0],
			"to": [16, 16, 8],
			"faces": {
				"north": {"uv": [0, 0, 8, 8], "texture": "#bricks", "cullface": "north"},
				"east": {"uv": [8, 0, 16, 8], "texture": "#bricks", "cullface": "east"},
				"west": {"uv": [0, 0, 8, 8], "texture": "#bricks"},
				"up": {"uv": [0, 0, 8, 8], "rotation": 90, "texture": "#bricks", "cullface": "up"}
			}
		},
		{
			"from": [0, 16.02, 15],
			"to": [16, 16.02, 16],
			"faces": {
				"up": {"uv": [0, 15, 16, 16], "texture": "#mortar", "cullface": "up"}
			}
		},
		{
			"from": [7, 16.02, 12],
			"to": [8, 16.02, 15],
			"faces": {
				"up": {"uv": [7, 12, 8, 15], "texture": "#mortar", "cullface": "up"}
			}
		},
		{
			"from": [0, 16.02, 11],
			"to": [16, 16.02, 12],
			"faces": {
				"up": {"uv": [0, 11, 16, 12], "texture": "#mortar", "cullface": "up"}
			}
		},
		{
			"from": [3, 16.02, 8],
			"to": [4, 16.02, 11],
			"faces": {
				"up": {"uv": [3, 8, 4, 11], "texture": "#mortar", "cullface": "up"}
			}
		},
		{
			"from": [8, 16.02, 7],
			"to": [16, 16.02, 8],
			"faces": {
				"up": {"uv": [8, 7, 16, 8], "texture": "#mortar", "cullface": "up"}
			}
		},
		{
			"from": [7, 8.02, 4],
			"to": [8, 8.02, 7],
			"faces": {
				"up": {"uv": [7, 4, 8, 7], "texture": "#mortar"}
			}
		},
		{
			"from": [8, 16.02, 3],
			"to": [16, 16.02, 4],
			"faces": {
				"up": {"uv": [8, 3, 16, 4], "texture": "#mortar", "cullface": "up"}
			}
		},
		{
			"from": [0, 8.02, 7],
			"to": [8, 8.02, 8],
			"faces": {
				"up": {"uv": [0, 7, 8, 8], "texture": "#mortar"}
			}
		},
		{
			"from": [0, 8.02, 3],
			"to": [8, 8.02, 4],
			"faces": {
				"up": {"uv": [0, 3, 8, 4], "texture": "#mortar"}
			}
		},
		{
			"from": [3, 8.02, 0],
			"to": [4, 8.02, 3],
			"faces": {
				"up": {"uv": [3, 0, 4, 3], "texture": "#mortar"}
			}
		},
		{
			"from": [11, 16.02, 0],
			"to": [12, 16.02, 3],
			"faces": {
				"up": {"uv": [11, 0, 12, 3], "texture": "#mortar", "cullface": "up"}
			}
		},
		{
			"from": [15, 16.02, 4],
			"to": [16, 16.02, 7],
			"faces": {
				"up": {"uv": [15, 4, 16, 7], "texture": "#mortar", "cullface": "up"}
			}
		},
		{
			"from": [15, 16.02, 12],
			"to": [16, 16.02, 15],
			"faces": {
				"up": {"uv": [15, 12, 16, 15], "texture": "#mortar", "cullface": "up"}
			}
		},
		{
			"from": [11, 16.02, 8],
			"to": [12, 16.02, 11],
			"faces": {
				"up": {"uv": [11, 8, 12, 11], "texture": "#mortar", "cullface": "up"}
			}
		},
		{
			"from": [11, -0.02, 13],
			"to": [12, -0.02, 16],
			"faces": {
				"down": {"uv": [11, 0, 12, 3], "texture": "#mortar", "cullface": "down"}
			}
		},
		{
			"from": [3, -0.02, 13],
			"to": [4, -0.02, 16],
			"faces": {
				"down": {"uv": [3, 0, 4, 3], "texture": "#mortar", "cullface": "down"}
			}
		},
		{
			"from": [0, -0.02, 12],
			"to": [16, -0.02, 13],
			"faces": {
				"down": {"uv": [0, 3, 16, 4], "texture": "#mortar", "cullface": "down"}
			}
		},
		{
			"from": [7, -0.02, 9],
			"to": [8, -0.02, 12],
			"faces": {
				"down": {"uv": [7, 4, 8, 7], "texture": "#mortar", "cullface": "down"}
			}
		},
		{
			"from": [0, -0.02, 8],
			"to": [16, -0.02, 9],
			"faces": {
				"down": {"uv": [0, 7, 16, 8], "texture": "#mortar", "cullface": "down"}
			}
		},
		{
			"from": [11, -0.02, 5],
			"to": [12, -0.02, 8],
			"faces": {
				"down": {"uv": [11, 8, 12, 11], "texture": "#mortar", "cullface": "down"}
			}
		},
		{
			"from": [0, -0.02, 4],
			"to": [16, -0.02, 5],
			"faces": {
				"down": {"uv": [0, 11, 16, 12], "texture": "#mortar", "cullface": "down"}
			}
		},
		{
			"from": [15, -0.02, 1],
			"to": [16, -0.02, 4],
			"faces": {
				"down": {"uv": [15, 12, 16, 15], "texture": "#mortar", "cullface": "down"}
			}
		},
		{
			"from": [0, -0.02, 0],
			"to": [16, -0.02, 1],
			"faces": {
				"down": {"uv": [0, 15, 16, 16], "texture": "#mortar", "cullface": "down"}
			}
		},
		{
			"from": [15, -0.02, 9],
			"to": [16, -0.02, 12],
			"faces": {
				"down": {"uv": [15, 4, 16, 7], "texture": "#mortar", "cullface": "down"}
			}
		},
		{
			"from": [7, -0.02, 1],
			"to": [8, -0.02, 4],
			"faces": {
				"down": {"uv": [7, 12, 8, 15], "texture": "#mortar", "cullface": "down"}
			}
		},
		{
			"from": [3, -0.02, 5],
			"to": [4, -0.02, 8],
			"faces": {
				"down": {"uv": [3, 8, 4, 11], "texture": "#mortar", "cullface": "down"}
			}
		},
		{
			"from": [0, 0, -0.02],
			"to": [16, 1, -0.02],
			"faces": {
				"north": {"uv": [0, 15, 16, 16], "texture": "#mortar", "cullface": "north"}
			}
		},
		{
			"from": [0, 1, -0.02],
			"to": [1, 4, -0.02],
			"faces": {
				"north": {"uv": [15, 12, 16, 15], "texture": "#mortar", "cullface": "north"}
			}
		},
		{
			"from": [0, 4, -0.02],
			"to": [16, 5, -0.02],
			"faces": {
				"north": {"uv": [0, 11, 16, 12], "texture": "#mortar", "cullface": "north"}
			}
		},
		{
			"from": [8, 8, -0.02],
			"to": [16, 9, -0.02],
			"faces": {
				"north": {"uv": [0, 7, 8, 8], "texture": "#mortar", "cullface": "north"}
			}
		},
		{
			"from": [0, 9, 7.98],
			"to": [1, 12, 7.98],
			"faces": {
				"north": {"uv": [15, 4, 16, 7], "texture": "#mortar"}
			}
		},
		{
			"from": [8, 12, -0.02],
			"to": [16, 13, -0.02],
			"faces": {
				"north": {"uv": [0, 3, 8, 4], "texture": "#mortar", "cullface": "north"}
			}
		},
		{
			"from": [0, 8, 7.98],
			"to": [8, 9, 7.98],
			"faces": {
				"north": {"uv": [8, 7, 16, 8], "texture": "#mortar"}
			}
		},
		{
			"from": [0, 12, 7.98],
			"to": [8, 13, 7.98],
			"faces": {
				"north": {"uv": [8, 3, 16, 4], "texture": "#mortar"}
			}
		},
		{
			"from": [4, 13, 7.98],
			"to": [5, 16, 7.98],
			"faces": {
				"north": {"uv": [11, 0, 12, 3], "texture": "#mortar"}
			}
		},
		{
			"from": [12, 13, -0.02],
			"to": [13, 16, -0.02],
			"faces": {
				"north": {"uv": [3, 0, 4, 3], "texture": "#mortar", "cullface": "north"}
			}
		},
		{
			"from": [7, 9, 7.98],
			"to": [8, 12, 7.98],
			"faces": {
				"north": {"uv": [7, 4, 8, 7], "texture": "#mortar"}
			}
		},
		{
			"from": [4, 5, -0.02],
			"to": [5, 8, -0.02],
			"faces": {
				"north": {"uv": [11, 8, 12, 11], "texture": "#mortar", "cullface": "north"}
			}
		},
		{
			"from": [7, 1, -0.02],
			"to": [8, 4, -0.02],
			"faces": {
				"north": {"uv": [7, 12, 8, 15], "texture": "#mortar", "cullface": "north"}
			}
		},
		{
			"from": [12, 5, -0.02],
			"to": [13, 8, -0.02],
			"faces": {
				"north": {"uv": [3, 8, 4, 11], "texture": "#mortar", "cullface": "north"}
			}
		},
		{
			"from": [8, 9, -0.02],
			"to": [9, 12, -0.02],
			"faces": {
				"north": {"uv": [7, 4, 8, 7], "texture": "#mortar", "cullface": "north"}
			}
		},
		{
			"from": [16.02, 0, 0],
			"to": [16.02, 1, 16],
			"faces": {
				"east": {"uv": [0, 15, 16, 16], "texture": "#mortar", "cullface": "east"}
			}
		},
		{
			"from": [16.02, 1, 0],
			"to": [16.02, 4, 1],
			"faces": {
				"east": {"uv": [15, 12, 16, 15], "texture": "#mortar", "cullface": "east"}
			}
		},
		{
			"from": [16.02, 4, 0],
			"to": [16.02, 5, 16],
			"faces": {
				"east": {"uv": [0, 11, 16, 12], "texture": "#mortar", "cullface": "east"}
			}
		},
		{
			"from": [16.02, 8, 0],
			"to": [16.02, 9, 16],
			"faces": {
				"east": {"uv": [0, 7, 16, 8], "texture": "#mortar", "cullface": "east"}
			}
		},
		{
			"from": [16.02, 9, 0],
			"to": [16.02, 12, 1],
			"faces": {
				"east": {"uv": [15, 4, 16, 7], "texture": "#mortar", "cullface": "east"}
			}
		},
		{
			"from": [16.02, 12, 0],
			"to": [16.02, 13, 16],
			"faces": {
				"east": {"uv": [0, 3, 16, 4], "texture": "#mortar", "cullface": "east"}
			}
		},
		{
			"from": [16.02, 13, 4],
			"to": [16.02, 16, 5],
			"faces": {
				"east": {"uv": [11, 0, 12, 3], "texture": "#mortar", "cullface": "east"}
			}
		},
		{
			"from": [16.02, 13, 12],
			"to": [16.02, 16, 13],
			"faces": {
				"east": {"uv": [3, 0, 4, 3], "texture": "#mortar", "cullface": "east"}
			}
		},
		{
			"from": [16.02, 9, 8],
			"to": [16.02, 12, 9],
			"faces": {
				"east": {"uv": [7, 4, 8, 7], "texture": "#mortar", "cullface": "east"}
			}
		},
		{
			"from": [16.02, 5, 12],
			"to": [16.02, 8, 13],
			"faces": {
				"east": {"uv": [3, 8, 4, 11], "texture": "#mortar", "cullface": "east"}
			}
		},
		{
			"from": [16.02, 5, 4],
			"to": [16.02, 8, 5],
			"faces": {
				"east": {"uv": [11, 8, 12, 11], "texture": "#mortar", "cullface": "east"}
			}
		},
		{
			"from": [16.02, 1, 8],
			"to": [16.02, 4, 9],
			"faces": {
				"east": {"uv": [7, 12, 8, 15], "texture": "#mortar", "cullface": "east"}
			}
		},
		{
			"from": [11, 13, 16.02],
			"to": [12, 16, 16.02],
			"faces": {
				"south": {"uv": [11, 0, 12, 3], "texture": "#mortar", "cullface": "south"}
			}
		},
		{
			"from": [3, 13, 16.02],
			"to": [4, 16, 16.02],
			"faces": {
				"south": {"uv": [3, 0, 4, 3], "texture": "#mortar", "cullface": "south"}
			}
		},
		{
			"from": [0, 12, 16.02],
			"to": [16, 13, 16.02],
			"faces": {
				"south": {"uv": [0, 3, 16, 4], "texture": "#mortar", "cullface": "south"}
			}
		},
		{
			"from": [15, 9, 16.02],
			"to": [16, 12, 16.02],
			"faces": {
				"south": {"uv": [15, 4, 16, 7], "texture": "#mortar", "cullface": "south"}
			}
		},
		{
			"from": [0, 8, 16.02],
			"to": [16, 9, 16.02],
			"faces": {
				"south": {"uv": [0, 7, 16, 8], "texture": "#mortar", "cullface": "south"}
			}
		},
		{
			"from": [0, 4, 16.02],
			"to": [16, 5, 16.02],
			"faces": {
				"south": {"uv": [0, 11, 16, 12], "texture": "#mortar", "cullface": "south"}
			}
		},
		{
			"from": [15, 1, 16.02],
			"to": [16, 4, 16.02],
			"faces": {
				"south": {"uv": [15, 12, 16, 15], "texture": "#mortar", "cullface": "south"}
			}
		},
		{
			"from": [0, 0, 16.02],
			"to": [16, 1, 16.02],
			"faces": {
				"south": {"uv": [0, 15, 16, 16], "texture": "#mortar", "cullface": "south"}
			}
		},
		{
			"from": [7, 1, 16.02],
			"to": [8, 4, 16.02],
			"faces": {
				"south": {"uv": [7, 12, 8, 15], "texture": "#mortar", "cullface": "south"}
			}
		},
		{
			"from": [7, 9, 16.02],
			"to": [8, 12, 16.02],
			"faces": {
				"south": {"uv": [7, 4, 8, 7], "texture": "#mortar", "cullface": "south"}
			}
		},
		{
			"from": [3, 5, 16.02],
			"to": [4, 8, 16.02],
			"faces": {
				"south": {"uv": [3, 8, 4, 11], "texture": "#mortar", "cullface": "south"}
			}
		},
		{
			"from": [11, 5, 16.02],
			"to": [12, 8, 16.02],
			"faces": {
				"south": {"uv": [11, 8, 12, 11], "texture": "#mortar", "cullface": "south"}
			}
		},
		{
			"from": [-0.02, 13, 11],
			"to": [-0.02, 16, 12],
			"faces": {
				"west": {"uv": [11, 0, 12, 3], "texture": "#mortar", "cullface": "west"}
			}
		},
		{
			"from": [-0.02, 12, 8],
			"to": [-0.02, 13, 16],
			"faces": {
				"west": {"uv": [8, 3, 16, 4], "texture": "#mortar", "cullface": "west"}
			}
		},
		{
			"from": [-0.02, 9, 15],
			"to": [-0.02, 12, 16],
			"faces": {
				"west": {"uv": [15, 4, 16, 7], "texture": "#mortar", "cullface": "west"}
			}
		},
		{
			"from": [-0.02, 8, 8],
			"to": [-0.02, 9, 16],
			"faces": {
				"west": {"uv": [8, 7, 16, 8], "texture": "#mortar", "cullface": "west"}
			}
		},
		{
			"from": [7.98, 12, 0],
			"to": [7.98, 13, 8],
			"faces": {
				"west": {"uv": [0, 3, 8, 4], "texture": "#mortar"}
			}
		},
		{
			"from": [7.98, 8, 0],
			"to": [7.98, 9, 8],
			"faces": {
				"west": {"uv": [0, 7, 8, 8], "texture": "#mortar"}
			}
		},
		{
			"from": [-0.02, 4, 0],
			"to": [-0.02, 5, 16],
			"faces": {
				"west": {"uv": [0, 11, 16, 12], "texture": "#mortar", "cullface": "west"}
			}
		},
		{
			"from": [-0.02, 1, 15],
			"to": [-0.02, 4, 16],
			"faces": {
				"west": {"uv": [15, 12, 16, 15], "texture": "#mortar", "cullface": "west"}
			}
		},
		{
			"from": [-0.02, 0, 0],
			"to": [-0.02, 1, 16],
			"faces": {
				"west": {"uv": [0, 15, 16, 16], "texture": "#mortar", "cullface": "west"}
			}
		},
		{
			"from": [-0.02, 1, 7],
			"to": [-0.02, 4, 8],
			"faces": {
				"west": {"uv": [7, 12, 8, 15], "texture": "#mortar", "cullface": "west"}
			}
		},
		{
			"from": [-0.02, 5, 11],
			"to": [-0.02, 8, 12],
			"faces": {
				"west": {"uv": [11, 8, 12, 11], "texture": "#mortar", "cullface": "west"}
			}
		},
		{
			"from": [-0.02, 5, 3],
			"to": [-0.02, 8, 4],
			"faces": {
				"west": {"uv": [3, 8, 4, 11], "texture": "#mortar", "cullface": "west"}
			}
		},
		{
			"from": [7.98, 9, 7],
			"to": [7.98, 12, 8],
			"faces": {
				"west": {"uv": [7, 4, 8, 7], "texture": "#mortar"}
			}
		},
		{
			"from": [7.98, 13, 3],
			"to": [7.98, 16, 4],
			"faces": {
				"west": {"uv": [3, 0, 4, 3], "texture": "#mortar"}
			}
		}
	],
	"display": {
		"thirdperson_lefthand": {
			"rotation": [75, -135, 0],
			"translation": [0, 2.5, 0],
			"scale": [0.375, 0.375, 0.375]
		},
		"gui": {
			"rotation": [30, 135, 0],
			"scale": [0.625, 0.625, 0.625]
		},
		"head": {
			"rotation": [0, -90, 0]
		}
	},
	"groups": [
		0,
		1,
		2,
		{
			"name": "up",
			"origin": [0, 0, 0],
			"color": 0,
			"nbt": "{}",
			"children": [3, 4, 5, 6, 7, 8, 9, 10, 11, 12, 13, 14, 15, 16]
		},
		{
			"name": "down",
			"origin": [0, 0, 0],
			"color": 0,
			"nbt": "{}",
			"children": [17, 18, 19, 20, 21, 22, 23, 24, 25, 26, 27, 28]
		},
		{
			"name": "north",
			"origin": [0, 0, 0],
			"color": 0,
			"nbt": "{}",
			"children": [29, 30, 31, 32, 33, 34, 35, 36, 37, 38, 39, 40, 41, 42, 43]
		},
		{
			"name": "east",
			"origin": [0, 0, 0],
			"color": 0,
			"nbt": "{}",
			"children": [44, 45, 46, 47, 48, 49, 50, 51, 52, 53, 54, 55]
		},
		{
			"name": "south",
			"origin": [0, 0, 0],
			"color": 0,
			"nbt": "{}",
			"children": [56, 57, 58, 59, 60, 61, 62, 63, 64, 65, 66, 67]
		},
		{
			"name": "west",
			"origin": [0, 0, 0],
			"color": 0,
			"nbt": "{}",
			"children": [68, 69, 70, 71, 72, 73, 74, 75, 76, 77, 78, 79, 80, 81]
		}
	]
}