{
	"credit": "Made with Blockbench",
	"parent": "block/block",
	"textures": {
		"frame": "block/oak_planks",
		"particle": "block/dark_oak_planks",
		"centre": "block/dark_oak_planks"
	},
	"elements": [
		{
			"name": "main",
			"from": [1, 0.01, 1],
			"to": [15, 15.99, 15],
			"faces": {
				"north": {"uv": [1, 0, 15, 16], "texture": "#centre"},
				"east": {"uv": [1, 0, 15, 16], "texture": "#centre"},
				"south": {"uv": [1, 0, 15, 16], "texture": "#centre"},
				"west": {"uv": [1, 0, 15, 16], "texture": "#centre"},
				"up": {"uv": [1, 1, 15, 15], "texture": "#centre", "cullface": "up"},
				"down": {"uv": [1, 1, 15, 15], "texture": "#centre", "cullface": "down"}
			}
		},
		{
			"from": [0, 0, 0],
			"to": [16, 2, 2],
			"faces": {
				"north": {"uv": [0, 14, 16, 16], "texture": "#frame", "cullface": "north"},
				"east": {"uv": [14, 14, 16, 16], "texture": "#frame", "cullface": "east"},
				"south": {"uv": [0, 14, 16, 16], "texture": "#frame"},
				"west": {"uv": [0, 14, 2, 16], "texture": "#frame", "cullface": "west"},
				"up": {"uv": [0, 0, 16, 2], "texture": "#frame"},
				"down": {"uv": [0, 14, 16, 16], "texture": "#frame", "cullface": "down"}
			}
		},
		{
			"from": [0, 0, 14],
			"to": [16, 2, 16],
			"faces": {
				"north": {"uv": [0, 14, 16, 16], "texture": "#frame"},
				"east": {"uv": [0, 14, 2, 16], "texture": "#frame", "cullface": "east"},
				"south": {"uv": [0, 14, 16, 16], "texture": "#frame", "cullface": "south"},
				"west": {"uv": [14, 14, 16, 16], "texture": "#frame", "cullface": "west"},
				"up": {"uv": [0, 14, 16, 16], "texture": "#frame"},
				"down": {"uv": [0, 0, 16, 2], "texture": "#frame", "cullface": "down"}
			}
		},
		{
			"from": [0, 0, 2],
			"to": [2, 2, 14],
			"faces": {
				"east": {"uv": [2, 14, 14, 16], "texture": "#frame"},
				"west": {"uv": [2, 14, 14, 16], "texture": "#frame", "cullface": "west"},
				"up": {"uv": [0, 2, 2, 14], "texture": "#frame"},
				"down": {"uv": [0, 2, 2, 14], "texture": "#frame", "cullface": "down"}
			}
		},
		{
			"from": [14, 0, 2],
			"to": [16, 2, 14],
			"faces": {
				"east": {"uv": [2, 14, 14, 16], "texture": "#frame", "cullface": "east"},
				"west": {"uv": [2, 14, 14, 16], "texture": "#frame"},
				"up": {"uv": [14, 2, 16, 14], "texture": "#frame"},
				"down": {"uv": [14, 2, 16, 14], "texture": "#frame", "cullface": "down"}
			}
		},
		{
			"from": [0, 14, 2],
			"to": [2, 16, 14],
			"faces": {
				"east": {"uv": [2, 0, 14, 2], "texture": "#frame"},
				"west": {"uv": [2, 0, 14, 2], "texture": "#frame", "cullface": "west"},
				"up": {"uv": [0, 2, 2, 14], "texture": "#frame", "cullface": "up"},
				"down": {"uv": [0, 2, 2, 14], "texture": "#frame"}
			}
		},
		{
			"from": [0, 14, 14],
			"to": [16, 16, 16],
			"faces": {
				"north": {"uv": [0, 0, 16, 2], "texture": "#frame"},
				"east": {"uv": [0, 0, 2, 2], "texture": "#frame", "cullface": "east"},
				"south": {"uv": [0, 0, 16, 2], "texture": "#frame", "cullface": "south"},
				"west": {"uv": [14, 0, 16, 2], "texture": "#frame", "cullface": "west"},
				"up": {"uv": [0, 14, 16, 16], "texture": "#frame", "cullface": "up"},
				"down": {"uv": [0, 0, 16, 2], "texture": "#frame"}
			}
		},
		{
			"from": [0, 14, 0],
			"to": [16, 16, 2],
			"faces": {
				"north": {"uv": [0, 0, 16, 2], "texture": "#frame", "cullface": "north"},
				"east": {"uv": [14, 0, 16, 2], "texture": "#frame", "cullface": "east"},
				"south": {"uv": [0, 0, 16, 2], "texture": "#frame"},
				"west": {"uv": [0, 0, 2, 2], "texture": "#frame", "cullface": "west"},
				"up": {"uv": [0, 0, 16, 2], "texture": "#frame", "cullface": "up"},
				"down": {"uv": [0, 0, 16, 2], "texture": "#frame"}
			}
		},
		{
			"from": [14, 14, 2],
			"to": [16, 16, 14],
			"faces": {
				"east": {"uv": [2, 0, 14, 2], "texture": "#frame", "cullface": "east"},
				"west": {"uv": [2, 0, 14, 2], "texture": "#frame"},
				"up": {"uv": [14, 2, 16, 14], "texture": "#frame", "cullface": "up"},
				"down": {"uv": [0, 2, 2, 14], "texture": "#frame"}
			}
		},
		{
			"from": [0, 2, 0],
			"to": [2, 14, 2],
			"faces": {
				"north": {"uv": [14, 2, 16, 14], "texture": "#frame", "cullface": "north"},
				"east": {"uv": [14, 2, 16, 14], "texture": "#frame"},
				"south": {"uv": [0, 2, 2, 14], "texture": "#frame"},
				"west": {"uv": [0, 2, 2, 14], "texture": "#frame", "cullface": "west"}
			}
		},
		{
			"from": [0, 2, 14],
			"to": [2, 14, 16],
			"faces": {
				"north": {"uv": [14, 2, 16, 14], "texture": "#frame"},
				"east": {"uv": [0, 2, 2, 14], "texture": "#frame"},
				"south": {"uv": [0, 2, 2, 14], "texture": "#frame", "cullface": "south"},
				"west": {"uv": [14, 2, 16, 14], "texture": "#frame", "cullface": "west"}
			}
		},
		{
			"from": [14, 2, 0],
			"to": [16, 14, 2],
			"faces": {
				"north": {"uv": [0, 2, 2, 14], "texture": "#frame", "cullface": "north"},
				"east": {"uv": [14, 2, 16, 14], "texture": "#frame", "cullface": "east"},
				"south": {"uv": [14, 2, 16, 14], "texture": "#frame"},
				"west": {"uv": [0, 2, 2, 14], "texture": "#frame"}
			}
		},
		{
			"from": [14, 2, 14],
			"to": [16, 14, 16],
			"faces": {
				"north": {"uv": [0, 2, 2, 14], "texture": "#frame"},
				"east": {"uv": [0, 2, 2, 14], "texture": "#frame", "cullface": "east"},
				"south": {"uv": [14, 2, 16, 14], "texture": "#frame", "cullface": "south"},
				"west": {"uv": [14, 2, 16, 14], "texture": "#frame"}
			}
		}
	],
	"groups": [
		0,
		{
			"name": "frame",
			"origin": [0, 0, 0],
			"color": 0,
			"children": [1, 2, 3, 4, 5, 6, 7, 8, 9, 10, 11, 12]
		}
	]
}