{
	"credit": "Made with Blockbench",
	"ambientocclusion": false,
	"render_type": "cutout",
	"textures": {
		"particle": "block/clay",
		"clay": "block/clay",
		"planks": "block/oak_planks"
	},
	"elements": [
		{
			"name": "support_panel",
			"from": [0, 0, 0],
			"to": [16, 2, 16],
			"rotation": {"angle": 0, "axis": "y", "origin": [0.86, 5.43024, 8.95198]},
			"faces": {
				"north": {"uv": [0, 14, 16, 16], "texture": "#planks", "cullface": "north"},
				"east": {"uv": [0, 14, 16, 16], "texture": "#planks", "cullface": "east"},
				"south": {"uv": [0, 14, 16, 16], "texture": "#planks", "cullface": "south"},
				"west": {"uv": [0, 14, 16, 16], "texture": "#planks", "cullface": "west"},
				"up": {"uv": [0, 0, 16, 16], "texture": "#planks"},
				"down": {"uv": [0, 0, 16, 16], "texture": "#planks", "cullface": "down"}
			}
		},
		{
			"name": "timber_stud_SE",
			"from": [14, 2, 14],
			"to": [16, 14, 16],
			"faces": {
				"north": {"uv": [0, 2, 2, 14], "texture": "#planks"},
				"east": {"uv": [0, 2, 2, 14], "texture": "#planks", "cullface": "east"},
				"south": {"uv": [14, 2, 16, 14], "texture": "#planks", "cullface": "south"},
				"west": {"uv": [14, 2, 16, 14], "texture": "#planks"}
			}
		},
		{
			"name": "timber_brace_E",
			"from": [14.99, 2, 14],
			"to": [15.99, 8.41422, 16],
			"rotation": {"angle": -45, "axis": "x", "origin": [15, 1, 15]},
			"faces": {
				"north": {"uv": [0, 0, 1, 7], "texture": "#planks"},
				"east": {"uv": [0, 0, 2, 7], "texture": "#planks", "cullface": "east"},
				"south": {"uv": [15, 0, 16, 7], "texture": "#planks"},
				"west": {"uv": [14, 0, 16, 7], "texture": "#planks"}
			}
		},
		{
			"name": "timber_rafter_S",
			"from": [6.85503, -1.42582, 11.99],
			"to": [8.85503, 14.57418, 15.99],
			"rotation": {"angle": -45, "axis": "z", "origin": [8.86, 5.43024, 15.12698]},
			"faces": {
				"north": {"uv": [2, 0, 0, 16], "texture": "#planks"},
				"east": {"uv": [4, 0, 0, 16], "texture": "#planks"},
				"south": {"uv": [16, 0, 14, 16], "texture": "#planks", "cullface": "south"},
				"west": {"uv": [16, 0, 12, 16], "texture": "#planks"}
			}
		},
		{
			"name": "timber_rafter_E",
			"from": [11.99, -6, 6],
			"to": [15.99, 10, 8],
			"rotation": {"angle": 45, "axis": "x", "origin": [15.49, 2, 14]},
			"faces": {
				"north": {"uv": [0, 0, 4, 16], "texture": "#planks"},
				"east": {"uv": [0, 0, 2, 16], "texture": "#planks", "cullface": "east"},
				"south": {"uv": [12, 0, 16, 16], "texture": "#planks"},
				"west": {"uv": [14, 0, 16, 16], "texture": "#planks"}
			}
		},
		{
			"name": "timber_brace_S",
			"from": [9.00394, -0.97901, 14.97698],
			"to": [11.00394, 5.43521, 15.97698],
			"rotation": {"angle": 45, "axis": "z", "origin": [8.86, 5.43024, 15.12698]},
			"faces": {
				"north": {"uv": [2, 0, 0, 7], "texture": "#planks"},
				"east": {"uv": [1, 0, 0, 7], "texture": "#planks"},
				"south": {"uv": [16, 0, 14, 7], "texture": "#planks", "cullface": "south"},
				"west": {"uv": [16, 0, 15, 7], "texture": "#planks"}
			}
		},
		{
			"name": "batten_top_EX",
			"from": [16, 13.025, 13.025],
			"to": [20, 14, 14.975],
			"rotation": {"angle": -22.5, "axis": "x", "origin": [8, 12, 18]},
			"faces": {
				"north": {"uv": [12, 0, 16, 1], "texture": "#planks", "cullface": "east"},
				"east": {"uv": [0, 0, 2, 1], "texture": "#planks", "cullface": "east"},
				"south": {"uv": [0, 0, 4, 1], "texture": "#planks", "cullface": "east"},
				"west": {"uv": [0, 0, 2, 1], "texture": "#planks", "cullface": "east"},
				"up": {"uv": [0, 1, 4, 2.95], "texture": "#planks", "cullface": "east"},
				"down": {"uv": [0, 1, 4, 2.95], "texture": "#planks", "cullface": "east"}
			}
		},
		{
			"name": "batten_middle_EX",
			"from": [16, 7.6917, 7.69167],
			"to": [20, 8.6667, 9.64167],
			"rotation": {"angle": -22.5, "axis": "x", "origin": [8, 6.6667, 12.66667]},
			"faces": {
				"north": {"uv": [12, 0, 16, 1], "texture": "#planks", "cullface": "east"},
				"east": {"uv": [0, 0, 2, 1], "texture": "#planks", "cullface": "east"},
				"south": {"uv": [0, 4, 4, 5], "texture": "#planks", "cullface": "east"},
				"west": {"uv": [0, 0, 2, 1], "texture": "#planks", "cullface": "east"},
				"up": {"uv": [0, 5, 4, 6.95], "texture": "#planks", "cullface": "east"},
				"down": {"uv": [0, 5, 4, 6.95], "texture": "#planks", "cullface": "east"}
			}
		},
		{
			"name": "batten_down_EX",
			"from": [16, 1.09607, 2.01268],
			"to": [20, 2.07107, 3.96268],
			"rotation": {"angle": -22.5, "axis": "x", "origin": [15, 1.57107, 3.98768]},
			"faces": {
				"north": {"uv": [12, 0, 16, 1], "texture": "#planks", "cullface": "east"},
				"east": {"uv": [0, 0, 2, 1], "texture": "#planks", "cullface": "east"},
				"south": {"uv": [0, 12, 4, 13], "texture": "#planks", "cullface": "east"},
				"west": {"uv": [0, 0, 2, 1], "texture": "#planks", "cullface": "east"},
				"up": {"uv": [0, 12, 4, 14], "texture": "#planks", "cullface": "east"},
				"down": {"uv": [0, 12, 4, 14], "texture": "#planks", "cullface": "east"}
			}
		},
		{
			"name": "batten_top_SX",
			"from": [14.75842, 9.06238, 16],
			"to": [16.70842, 10.03738, 20],
			"rotation": {"angle": 22.5, "axis": "z", "origin": [8.86, 5.43024, 15.12698]},
			"faces": {
				"north": {"uv": [2, 0, 0, 1], "texture": "#planks", "cullface": "south"},
				"east": {"uv": [4, 0, 0, 1], "texture": "#planks", "cullface": "south"},
				"south": {"uv": [2, 0, 0, 1], "texture": "#planks", "cullface": "south"},
				"west": {"uv": [16, 0, 12, 1], "texture": "#planks", "cullface": "south"},
				"up": {"uv": [4, 1, 0, 3], "rotation": 90, "texture": "#planks", "cullface": "south"},
				"down": {"uv": [4, 1, 0, 3], "rotation": 90, "texture": "#planks", "cullface": "south"}
			}
		},
		{
			"name": "batten_middle_SX",
			"from": [7.7901, 6.17603, 16],
			"to": [9.7401, 7.15103, 20],
			"rotation": {"angle": 22.5, "axis": "z", "origin": [8.86, 5.43024, 15.12698]},
			"faces": {
				"north": {"uv": [2, 0, 0, 1], "texture": "#planks", "cullface": "south"},
				"east": {"uv": [4, 4, 0, 5], "texture": "#planks", "cullface": "south"},
				"south": {"uv": [2, 0, 0, 1], "texture": "#planks", "cullface": "south"},
				"west": {"uv": [16, 0, 12, 1], "texture": "#planks", "cullface": "south"},
				"up": {"uv": [4, 5, 0, 7], "rotation": 90, "texture": "#planks", "cullface": "south"},
				"down": {"uv": [4, 5, 0, 7], "rotation": 90, "texture": "#planks", "cullface": "south"}
			}
		},
		{
			"name": "batten_down_SX",
			"from": [0.82174, 3.28959, 16],
			"to": [2.77174, 4.26459, 20],
			"rotation": {"angle": 22.5, "axis": "z", "origin": [8.86, 5.43024, 15.12698]},
			"faces": {
				"north": {"uv": [2, 0, 0, 1], "texture": "#planks", "cullface": "south"},
				"east": {"uv": [4, 12, 0, 13], "texture": "#planks", "cullface": "south"},
				"south": {"uv": [2, 0, 0, 1], "texture": "#planks", "cullface": "south"},
				"west": {"uv": [16, 0, 12, 1], "texture": "#planks", "cullface": "south"},
				"up": {"uv": [4, 12, 0, 14], "rotation": 90, "texture": "#planks", "cullface": "south"},
				"down": {"uv": [4, 12, 0, 14], "rotation": 90, "texture": "#planks", "cullface": "south"}
			}
		},
		{
			"name": "timber_filler1",
			"from": [5, 2, 5],
			"to": [15, 4, 15],
			"faces": {
				"east": {"uv": [1, 12, 11, 14], "texture": "#planks"},
				"south": {"uv": [5, 12, 15, 14], "texture": "#planks"}
			}
		},
		{
			"name": "timber_filler2",
			"from": [7, 4, 7],
			"to": [15, 6, 15],
			"faces": {
				"east": {"uv": [1, 10, 9, 12], "texture": "#planks"},
				"south": {"uv": [7, 10, 15, 12], "texture": "#planks"}
			}
		},
		{
			"name": "timber_filler3",
			"from": [9, 6, 9],
			"to": [15, 8, 15],
			"faces": {
				"east": {"uv": [1, 8, 7, 10], "texture": "#planks"},
				"south": {"uv": [9, 8, 15, 10], "texture": "#planks"}
			}
		},
		{
			"name": "timber_filler4",
			"from": [11, 8, 11],
			"to": [15, 10, 15],
			"faces": {
				"east": {"uv": [1, 6, 5, 8], "texture": "#planks"},
				"south": {"uv": [11, 6, 15, 8], "texture": "#planks"}
			}
		},
		{
			"name": "timber_filler5",
			"from": [13, 10, 13],
			"to": [15, 11, 15],
			"faces": {
				"east": {"uv": [1, 5, 3, 6], "texture": "#planks"},
				"south": {"uv": [13, 5, 15, 6], "texture": "#planks"}
			}
		},
		{
			"name": "shingle_up_EX",
			"from": [16, 14.05, 7.025],
			"to": [20, 16.84, 15.95],
			"rotation": {"angle": -22.5, "axis": "x", "origin": [8, 12, 18]},
			"faces": {
				"north": {"uv": [13.11, 12, 16, 16], "rotation": 270, "texture": "#clay"},
				"east": {"uv": [9, 0, 0, 3], "texture": "#clay", "cullface": "east"},
				"south": {"uv": [13.11, 12, 16, 16], "rotation": 270, "texture": "#clay"},
				"up": {"uv": [0, 12, 9, 16], "rotation": 90, "texture": "#clay"},
				"down": {"uv": [9, 12, 0, 16], "rotation": 90, "texture": "#clay"}
			}
		},
		{
			"name": "shingle_up_N1",
			"from": [13, 14, 7],
			"to": [16, 16.89, 16],
			"rotation": {"angle": -22.5, "axis": "x", "origin": [8, 12, 18]},
			"faces": {
				"north": {"uv": [13.11, 0, 16, 3], "rotation": 270, "texture": "#clay"},
				"east": {"uv": [9, 0, 0, 3], "texture": "#clay", "cullface": "east"},
				"up": {"uv": [0, 0, 9, 3], "rotation": 90, "texture": "#clay"},
				"down": {"uv": [9, 0, 0, 3], "rotation": 90, "texture": "#clay"}
			}
		},
		{
			"name": "shingle_up_N2",
			"from": [8, 14, 7],
			"to": [13, 16.89, 12],
			"rotation": {"angle": -22.5, "axis": "x", "origin": [8, 12, 18]},
			"faces": {
				"north": {"uv": [13.11, 3, 16, 8], "rotation": 270, "texture": "#clay"},
				"up": {"uv": [0, 3, 5, 8], "rotation": 90, "texture": "#clay"},
				"down": {"uv": [5, 3, 0, 8], "rotation": 90, "texture": "#clay"}
			}
		},
		{
			"name": "shingle_up_W1",
			"from": [7, 14, 13],
			"to": [16, 16.89, 16],
			"rotation": {"angle": 22.5, "axis": "z", "origin": [18, 12, 8]},
			"faces": {
				"south": {"uv": [0, 0, 9, 2.89], "texture": "#clay", "cullface": "south"},
				"west": {"uv": [13.11, 13, 16, 16], "rotation": 270, "texture": "#clay"},
				"up": {"uv": [0, 13, 9, 16], "texture": "#clay"},
				"down": {"uv": [0, 16, 9, 13], "texture": "#clay"}
			}
		},
		{
			"name": "shingle_up_W2",
			"from": [7, 14, 8],
			"to": [12, 16.89, 13],
			"rotation": {"angle": 22.5, "axis": "z", "origin": [18, 12, 8]},
			"faces": {
				"west": {"uv": [13.11, 8, 16, 13], "rotation": 270, "texture": "#clay"},
				"up": {"uv": [0, 8, 5, 13], "texture": "#clay"},
				"down": {"uv": [0, 13, 5, 8], "texture": "#clay"}
			}
		},
		{
			"name": "shingle_up_SX",
			"from": [7.05, 14.05, 16],
			"to": [15.95, 16.84, 20],
			"rotation": {"angle": 22.5, "axis": "z", "origin": [18, 12, 8]},
			"faces": {
				"east": {"uv": [13.11, 12, 16, 16], "rotation": 270, "texture": "#clay", "cullface": "south"},
				"south": {"uv": [0, 0, 9, 2.89], "texture": "#clay", "cullface": "south"},
				"west": {"uv": [13.11, 0, 16, 4], "rotation": 270, "texture": "#clay"},
				"up": {"uv": [0, 0, 9, 4], "texture": "#clay"},
				"down": {"uv": [0, 4, 9, 0], "texture": "#clay"}
			}
		},
		{
			"name": "shingle_middle_N1",
			"from": [7, 8.6667, 1.66667],
			"to": [16, 11.5567, 10.66667],
			"rotation": {"angle": -22.5, "axis": "x", "origin": [8, 6.6667, 12.66667]},
			"faces": {
				"north": {"uv": [13.11, 0, 16, 9], "rotation": 270, "texture": "#clay"},
				"east": {"uv": [9, 0, 0, 3], "texture": "#clay", "cullface": "east"},
				"south": {"uv": [7, 0, 16, 2.89], "texture": "#clay"},
				"up": {"uv": [0, 0, 9, 9], "rotation": 90, "texture": "#clay"},
				"down": {"uv": [9, 0, 0, 9], "rotation": 90, "texture": "#clay"}
			}
		},
		{
			"name": "shingle_middle_N2",
			"from": [3, 8.6667, 1.66667],
			"to": [7, 11.5567, 5.66667],
			"rotation": {"angle": -22.5, "axis": "x", "origin": [8, 6.6667, 12.66667]},
			"faces": {
				"north": {"uv": [13.11, 9, 16, 13], "rotation": 270, "texture": "#clay"},
				"south": {"uv": [3, 0, 7, 2.89], "texture": "#clay"},
				"up": {"uv": [0, 9, 4, 13], "rotation": 90, "texture": "#clay"},
				"down": {"uv": [4, 9, 0, 13], "rotation": 90, "texture": "#clay"}
			}
		},
		{
			"name": "shingle_middle_EX",
			"from": [16, 8.7167, 1.69167],
			"to": [20, 11.5067, 10.61667],
			"rotation": {"angle": -22.5, "axis": "x", "origin": [8, 6.6667, 12.66667]},
			"faces": {
				"north": {"uv": [13.11, 12, 16, 16], "rotation": 270, "texture": "#clay"},
				"east": {"uv": [9, 4, 0, 6.89], "texture": "#clay", "cullface": "east"},
				"south": {"uv": [13.11, 12, 16, 16], "rotation": 270, "texture": "#clay"},
				"up": {"uv": [0, 12, 9, 16], "rotation": 90, "texture": "#clay"},
				"down": {"uv": [9, 12, 0, 16], "rotation": 90, "texture": "#clay"}
			}
		},
		{
			"name": "shingle_middle_W1",
			"from": [1.66667, 8.6667, 7],
			"to": [10.66667, 11.5567, 16],
			"rotation": {"angle": 22.5, "axis": "z", "origin": [12.66667, 6.6667, 8]},
			"faces": {
				"east": {"uv": [0, 0, 9, 2.89], "texture": "#clay"},
				"south": {"uv": [0, 0, 9, 2.89], "texture": "#clay", "cullface": "south"},
				"west": {"uv": [13.11, 7, 16, 16], "rotation": 270, "texture": "#clay"},
				"up": {"uv": [0, 7, 9, 16], "texture": "#clay"},
				"down": {"uv": [0, 16, 9, 7], "texture": "#clay"}
			}
		},
		{
			"name": "shingle_middle_W2",
			"from": [1.66667, 8.6667, 3],
			"to": [5.66667, 11.5567, 7],
			"rotation": {"angle": 22.5, "axis": "z", "origin": [12.66667, 6.6667, 8]},
			"faces": {
				"west": {"uv": [13.11, 3, 16, 7], "rotation": 270, "texture": "#clay"},
				"up": {"uv": [0, 3, 4, 7], "texture": "#clay"},
				"down": {"uv": [0, 7, 4, 3], "texture": "#clay"}
			}
		},
		{
			"name": "shingle_middle_SX",
			"from": [1.71667, 8.7167, 16],
			"to": [10.61667, 11.5067, 20],
			"rotation": {"angle": 22.5, "axis": "z", "origin": [12.66667, 6.6667, 8]},
			"faces": {
				"east": {"uv": [13.11, 12, 16, 16], "rotation": 270, "texture": "#clay", "cullface": "south"},
				"south": {"uv": [0, 4, 9, 6.89], "texture": "#clay", "cullface": "south"},
				"west": {"uv": [13.11, 0, 16, 4], "rotation": 270, "texture": "#clay"},
				"up": {"uv": [0, 0, 9, 4], "texture": "#clay"},
				"down": {"uv": [0, 4, 9, 0], "texture": "#clay"}
			}
		},
		{
			"name": "shingle_down_N1",
			"from": [2, 3.3333, -3.66667],
			"to": [16, 6.2233, 5.33333],
			"rotation": {"angle": -22.5, "axis": "x", "origin": [8, 1.33333, 7.33333]},
			"faces": {
				"north": {"uv": [13.11, 0, 16, 14], "rotation": 270, "texture": "#clay", "cullface": "north"},
				"east": {"uv": [9, 0, 0, 3], "texture": "#clay", "cullface": "east"},
				"south": {"uv": [2, 0, 16, 2.89], "texture": "#clay"},
				"up": {"uv": [0, 0, 9, 14], "rotation": 90, "texture": "#clay"},
				"down": {"uv": [9, 0, 0, 14], "rotation": 90, "texture": "#clay"}
			}
		},
		{
			"name": "shingle_down_N2",
			"from": [0, 3.3333, -3.66667],
			"to": [2, 6.2233, 1.33333],
			"rotation": {"angle": -22.5, "axis": "x", "origin": [8, 1.33333, 7.33333]},
			"faces": {
				"north": {"uv": [13.11, 14, 16, 16], "rotation": 270, "texture": "#clay", "cullface": "north"},
				"up": {"uv": [0, 14, 5, 16], "rotation": 90, "texture": "#clay"},
				"down": {"uv": [5, 14, 0, 16], "rotation": 90, "texture": "#clay"}
			}
		},
		{
			"name": "shingle_down_N3",
			"from": [-2, 3.3333, -3.66667],
			"to": [0, 6.2233, 1.33333],
			"rotation": {"angle": -22.5, "axis": "x", "origin": [8, 1.33333, 7.33333]},
			"faces": {
				"north": {"uv": [13.11, 0, 16, 2], "rotation": 270, "texture": "#clay"},
				"west": {"uv": [4, 0, 9, 2.89], "texture": "#clay"},
				"up": {"uv": [0, 0, 5, 2], "rotation": 90, "texture": "#clay"},
				"down": {"uv": [5, 0, 0, 2], "rotation": 90, "texture": "#clay"}
			}
		},
		{
			"name": "shingle_down_EX",
			"from": [16, 3.3833, -3.64167],
			"to": [20, 6.1733, 5.28333],
			"rotation": {"angle": -22.5, "axis": "x", "origin": [8, 1.33333, 7.33333]},
			"faces": {
				"north": {"uv": [13.11, 12, 16, 16], "rotation": 270, "texture": "#clay"},
				"east": {"uv": [9, 8, 0, 11], "texture": "#clay"},
				"south": {"uv": [13.11, 12, 16, 16], "rotation": 270, "texture": "#clay"},
				"up": {"uv": [0, 12, 9, 16], "rotation": 90, "texture": "#clay"},
				"down": {"uv": [9, 12, 0, 16], "rotation": 90, "texture": "#clay"}
			}
		},
		{
			"name": "shingle_down_W2",
			"from": [-3.66667, 3.3333, 0],
			"to": [1.33333, 6.2233, 2],
			"rotation": {"angle": 22.5, "axis": "z", "origin": [7.33333, 1.33333, 8]},
			"faces": {
				"west": {"uv": [13.11, 0, 16, 2], "rotation": 270, "texture": "#clay", "cullface": "west"},
				"up": {"uv": [0, 0, 5, 2], "texture": "#clay"},
				"down": {"uv": [0, 2, 5, 0], "texture": "#clay"}
			}
		},
		{
			"name": "shingle_down_W3",
			"from": [-3.66667, 3.3333, -2],
			"to": [1.33333, 6.2233, 0],
			"rotation": {"angle": 22.5, "axis": "z", "origin": [7.33333, 1.33333, 8]},
			"faces": {
				"north": {"uv": [4, 0, 9, 2.89], "texture": "#clay"},
				"west": {"uv": [13.11, 14, 16, 16], "rotation": 270, "texture": "#clay"},
				"up": {"uv": [0, 14, 5, 16], "texture": "#clay"},
				"down": {"uv": [0, 16, 5, 14], "texture": "#clay"}
			}
		},
		{
			"name": "shingle_down_W1",
			"from": [-3.66667, 3.3333, 2],
			"to": [5.33333, 6.2233, 16],
			"rotation": {"angle": 22.5, "axis": "z", "origin": [7.33333, 1.33333, 8]},
			"faces": {
				"east": {"uv": [13.11, 2, 16, 16], "rotation": 270, "texture": "#clay", "cullface": "west"},
				"south": {"uv": [0, 0, 9, 2.89], "texture": "#clay", "cullface": "south"},
				"west": {"uv": [13.11, 2, 16, 16], "rotation": 270, "texture": "#clay", "cullface": "west"},
				"up": {"uv": [0, 2, 9, 16], "texture": "#clay"},
				"down": {"uv": [0, 16, 9, 2], "texture": "#clay"}
			}
		},
		{
			"name": "shingle_down_SX",
			"from": [-3.61667, 3.3833, 16],
			"to": [5.28333, 6.1733, 20],
			"rotation": {"angle": 22.5, "axis": "z", "origin": [7.33333, 1.33333, 8]},
			"faces": {
				"east": {"uv": [13.11, 12, 16, 16], "rotation": 270, "texture": "#clay", "cullface": "south"},
				"south": {"uv": [0, 8, 9, 10.89], "texture": "#clay"},
				"west": {"uv": [13.11, 0, 16, 4], "rotation": 270, "texture": "#clay"},
				"up": {"uv": [0, 0, 9, 4], "texture": "#clay"},
				"down": {"uv": [0, 4, 9, 0], "texture": "#clay"}
			}
		},
		{
			"name": "shingle_hip_top",
			"from": [-0.6, 11.01, 7.9],
			"to": [11.4, 16.01, 11.9],
			"rotation": {"angle": -45, "axis": "y", "origin": [7.4, 10.5, 15.9]},
			"faces": {
				"north": {"uv": [0, 7, 12, 12], "rotation": 180, "texture": "#clay"},
				"south": {"uv": [0, 4, 12, 9], "texture": "#clay"},
				"west": {"uv": [11, 0, 16, 4], "rotation": 270, "texture": "#clay"},
				"up": {"uv": [0, 4, 12, 8], "texture": "#clay", "cullface": "up"}
			}
		},
		{
			"name": "shingle_hip_middle",
			"from": [-5.6, 5.01, 3],
			"to": [6.4, 11.01, 7],
			"rotation": {"angle": -45, "axis": "y", "origin": [2.5, 5.5, 11]},
			"faces": {
				"north": {"uv": [0, 2, 12, 8], "rotation": 180, "texture": "#clay"},
				"south": {"uv": [0, 0, 12, 6], "texture": "#clay"},
				"west": {"uv": [10, 4, 16, 8], "rotation": 270, "texture": "#clay"},
				"up": {"uv": [0, 8, 12, 12], "texture": "#clay", "cullface": "up"}
			}
		},
		{
			"name": "shingle_hip_down",
			"from": [-6.4201, 0.01, -2.40538],
			"to": [5.5799, 5.01, 1.59462],
			"rotation": {"angle": -45, "axis": "y", "origin": [-0.4201, 1.63167, -0.40538]},
			"faces": {
				"north": {"uv": [0, 7, 12, 12], "rotation": 180, "texture": "#clay"},
				"south": {"uv": [0, 8, 12, 13], "texture": "#clay"},
				"west": {"uv": [11, 0, 16, 4], "rotation": 270, "texture": "#clay"},
				"up": {"uv": [0, 4, 12, 8], "texture": "#clay", "cullface": "up"},
				"down": {"uv": [0, 4, 12, 8], "texture": "#clay", "cullface": "up"}
			}
		},
		{
			"name": "top ending",
			"from": [14, 14, 12],
			"to": [16, 17, 14],
			"rotation": {"angle": 0, "axis": "y", "origin": [8, 8, 8]},
			"faces": {
				"north": {"uv": [0, 0, 2, 3], "texture": "#clay"},
				"east": {"uv": [2, 9, 0, 12], "texture": "#clay", "cullface": "east"},
				"up": {"uv": [0, 14, 2, 16], "rotation": 180, "texture": "#clay", "cullface": "up"}
			}
		},
		{
			"name": "top ending",
			"from": [12, 14, 12],
			"to": [14, 17, 14],
			"rotation": {"angle": 0, "axis": "y", "origin": [8, 8, 8]},
			"faces": {
				"north": {"uv": [14, 0, 16, 3], "texture": "#clay"},
				"west": {"uv": [0, 9, 2, 12], "texture": "#clay"},
				"up": {"uv": [14, 14, 16, 16], "rotation": 180, "texture": "#clay", "cullface": "up"}
			}
		},
		{
			"name": "top ending",
			"from": [14, 14, 14],
			"to": [16, 17, 16],
			"rotation": {"angle": 0, "axis": "y", "origin": [8, 8, 8]},
			"faces": {
				"east": {"uv": [2, 9, 0, 12], "texture": "#clay", "cullface": "east"},
				"south": {"uv": [0, 9, 2, 12], "texture": "#clay", "cullface": "south"},
				"up": {"uv": [0, 0, 2, 2], "rotation": 180, "texture": "#clay", "cullface": "up"}
			}
		},
		{
			"name": "top ending",
			"from": [12, 14, 14],
			"to": [14, 17, 16],
			"rotation": {"angle": 0, "axis": "y", "origin": [8, 8, 8]},
			"faces": {
				"south": {"uv": [0, 9, 2, 12], "texture": "#clay", "cullface": "south"},
				"west": {"uv": [0, 9, 2, 12], "texture": "#clay"},
				"up": {"uv": [14, 0, 16, 2], "rotation": 180, "texture": "#clay", "cullface": "up"}
			}
		},
		{
			"name": "top_ending_EX",
			"from": [16, 14, 14.025],
			"to": [19.95, 15.975, 15.975],
			"rotation": {"angle": 0, "axis": "y", "origin": [15, 15, 24]},
			"faces": {
				"north": {"uv": [12.05, 1, 16, 3], "texture": "#clay", "cullface": "east"},
				"east": {"uv": [7, 7, 9, 9], "texture": "#clay", "cullface": "east"},
				"south": {"uv": [0, 1, 3.95, 3], "texture": "#clay", "cullface": "east"},
				"up": {"uv": [12.05, 1, 16, 3], "rotation": 180, "texture": "#clay"},
				"down": {"uv": [0, 13, 3.95, 15], "texture": "#clay", "cullface": "east"}
			}
		},
		{
			"name": "top_ending_SX",
			"from": [14.025, 14, 16],
			"to": [15.95, 15.975, 19.975],
			"rotation": {"angle": 0, "axis": "y", "origin": [15, 15, 24]},
			"faces": {
				"east": {"uv": [12, 1, 15.975, 3], "texture": "#clay", "cullface": "south"},
				"south": {"uv": [7, 7, 9, 9], "texture": "#clay", "cullface": "south"},
				"west": {"uv": [0, 1, 3.975, 3], "texture": "#clay", "cullface": "south"},
				"up": {"uv": [0, 1, 3.975, 3], "rotation": 90, "texture": "#clay"},
				"down": {"uv": [12, 13, 15.975, 15], "rotation": 90, "texture": "#clay", "cullface": "south"}
			}
		},
		{
			"from": [-2, -0.01, 0],
			"to": [0, 0.99, 16],
			"faces": {
				"south": {"uv": [14, 15, 16, 16], "texture": "#planks", "cullface": "south"},
				"down": {"uv": [14, 0, 16, 16], "texture": "#planks", "cullface": "down"}
			}
		},
		{
			"from": [-2, 0, -2],
			"to": [0, 2, 0],
			"faces": {
				"down": {"uv": [14, 0, 16, 2], "texture": "#planks", "cullface": "down"}
			}
		},
		{
			"from": [0, 0, -2],
			"to": [16, 1, 0],
			"faces": {
				"east": {"uv": [0, 15, 2, 16], "texture": "#planks", "cullface": "east"},
				"down": {"uv": [0, 0, 16, 2], "texture": "#planks", "cullface": "down"}
			}
		}
	],
	"display": {
		"thirdperson_righthand": {
			"rotation": [75, 45, 0],
			"translation": [0, 2.5, 0],
			"scale": [0.375, 0.375, 0.375]
		},
		"thirdperson_lefthand": {
			"rotation": [75, -135, 0],
			"translation": [0, 2.5, 0],
			"scale": [0.375, 0.375, 0.375]
		},
		"firstperson_righthand": {
			"rotation": [0, 45, 0],
			"scale": [0.4, 0.4, 0.4]
		},
		"firstperson_lefthand": {
			"rotation": [0, 225, 0],
			"scale": [0.4, 0.4, 0.4]
		},
		"gui": {
			"rotation": [30, 135, 0],
			"scale": [0.625, 0.625, 0.625]
		}
	}
}