{
	"credit": "Made with Blockbench",
	"ambientocclusion": false,
	"render_type": "cutout",
	"textures": {
		"planks": "block/oak_planks",
		"particle": "block/clay",
		"clay": "block/clay"
	},
	"elements": [
		{
			"name": "support_panel_D",
			"from": [2, 0, 0],
			"to": [16, 2, 16],
			"rotation": {"angle": 0, "axis": "y", "origin": [8, 0, 8]},
			"faces": {
				"north": {"uv": [0, 14, 14, 16], "texture": "#planks", "cullface": "north"},
				"east": {"uv": [0, 14, 16, 16], "texture": "#planks", "cullface": "east"},
				"south": {"uv": [2, 14, 16, 16], "texture": "#planks", "cullface": "south"},
				"west": {"uv": [0, 14, 16, 16], "texture": "#planks"},
				"up": {"uv": [0, 0, 14, 16], "texture": "#planks"},
				"down": {"uv": [0, 0, 14, 16], "texture": "#planks", "cullface": "down"}
			}
		},
		{
			"name": "support_panel_D",
			"from": [0, 0, 1],
			"to": [2, 2, 16],
			"rotation": {"angle": 0, "axis": "y", "origin": [8, 0, 8]},
			"faces": {
				"north": {"uv": [14, 14, 16, 16], "texture": "#planks"},
				"south": {"uv": [0, 14, 2, 16], "texture": "#planks", "cullface": "south"},
				"west": {"uv": [1, 14, 16, 16], "texture": "#planks", "cullface": "west"},
				"up": {"uv": [0, 0, 2, 15], "texture": "#planks"},
				"down": {"uv": [0, 0, 2, 15], "texture": "#planks", "cullface": "down"}
			}
		},
		{
			"name": "support_panel_small_D",
			"from": [0, 0, 0],
			"to": [2, 2, 1],
			"rotation": {"angle": 0, "axis": "y", "origin": [8, 0, 8]},
			"faces": {
				"down": {"uv": [0, 15, 2, 16], "texture": "#planks", "cullface": "down"}
			}
		},
		{
			"name": "support_panel_S",
			"from": [0, 2, 14],
			"to": [16, 6, 16],
			"rotation": {"angle": 0, "axis": "y", "origin": [8, 0, 8]},
			"faces": {
				"north": {"uv": [0, 10, 16, 14], "texture": "#planks"},
				"east": {"uv": [0, 10, 2, 14], "texture": "#planks", "cullface": "east"},
				"south": {"uv": [0, 10, 16, 14], "texture": "#planks", "cullface": "south"},
				"west": {"uv": [14, 10, 16, 14], "texture": "#planks", "cullface": "west"}
			}
		},
		{
			"name": "batten_up_NX",
			"from": [12.75842, 1.54, -4],
			"to": [14.70842, 2.515, 1],
			"rotation": {"angle": 22.5, "axis": "z", "origin": [8.86, 5.43024, 15.12698]},
			"faces": {
				"north": {"uv": [1.95, 0, 0, 0.975], "texture": "#planks", "cullface": "north"},
				"east": {"uv": [5, 0, 0, 0.975], "texture": "#planks", "cullface": "north"},
				"west": {"uv": [16, 0, 11, 0.975], "texture": "#planks", "cullface": "north"},
				"down": {"uv": [5, 1, 0, 2.95], "rotation": 90, "texture": "#planks", "cullface": "north"}
			}
		},
		{
			"name": "batten_up_NX",
			"from": [4.75842, 1.54, -4],
			"to": [6.70842, 2.515, 0],
			"rotation": {"angle": 22.5, "axis": "z", "origin": [8.86, 5.43024, 15.12698]},
			"faces": {
				"north": {"uv": [2, 0, 0, 1], "texture": "#planks", "cullface": "north"},
				"east": {"uv": [4, 0, 0, 1], "texture": "#planks", "cullface": "north"},
				"west": {"uv": [16, 0, 12, 1], "texture": "#planks", "cullface": "north"},
				"down": {"uv": [4, 1, 0, 3], "rotation": 90, "texture": "#planks", "cullface": "north"}
			}
		},
		{
			"name": "shingle_middle_NX",
			"from": [-2.31, 4.06, -4],
			"to": [6.69, 7.06, 0],
			"rotation": {"angle": 22.5, "axis": "z", "origin": [12.66667, 6.6667, -13]},
			"faces": {
				"north": {"uv": [9, 8, 0, 11], "texture": "#clay"},
				"south": {"uv": [9, 8, 0, 11], "texture": "#clay"},
				"west": {"uv": [13, 12, 16, 16], "rotation": 270, "texture": "#clay"},
				"up": {"uv": [0, 12, 9, 16], "texture": "#clay"},
				"down": {"uv": [0, 0, 9, 4], "texture": "#clay"}
			}
		},
		{
			"name": "shingle_up_NX",
			"from": [5.05, 6.51, -4],
			"to": [13.93, 9.51, 0],
			"rotation": {"angle": 22.5, "axis": "z", "origin": [18, 12, -12]},
			"faces": {
				"north": {"uv": [11, 4, 2, 7], "texture": "#clay"},
				"east": {"uv": [13, 0, 16, 4], "rotation": 270, "texture": "#clay"},
				"south": {"uv": [11, 4, 2, 7], "texture": "#clay"},
				"up": {"uv": [2, 12, 11, 16], "texture": "#clay"},
				"down": {"uv": [2, 0, 11, 4], "texture": "#clay"}
			}
		},
		{
			"name": "support_panel_E",
			"from": [14, 2, 0],
			"to": [16, 6, 14],
			"rotation": {"angle": 0, "axis": "y", "origin": [8, 0, 8]},
			"faces": {
				"north": {"uv": [0, 10, 2, 14], "texture": "#planks", "cullface": "north"},
				"east": {"uv": [2, 10, 16, 14], "texture": "#planks", "cullface": "east"},
				"west": {"uv": [0, 10, 14, 14], "texture": "#planks"}
			}
		},
		{
			"name": "shingle_up_W",
			"from": [-0.01, 6.5, 5],
			"to": [14.99, 9.52, 14],
			"rotation": {"angle": -22.5, "axis": "x", "origin": [-8, 12, 18]},
			"faces": {
				"south": {"uv": [13, 0, 16, 15], "rotation": 270, "texture": "#clay"},
				"west": {"uv": [2, 4, 11, 7], "texture": "#clay"},
				"up": {"uv": [2, 1, 11, 16], "rotation": 90, "texture": "#clay"},
				"down": {"uv": [11, 0, 2, 15], "rotation": 90, "texture": "#clay"}
			}
		},
		{
			"name": "shingle_up_N",
			"from": [13, 6.5, 14.99],
			"to": [14, 9.52, 15.99],
			"rotation": {"angle": 22.5, "axis": "z", "origin": [18, 12, -8]},
			"faces": {
				"east": {"uv": [12.98, 0, 16, 1], "rotation": 270, "texture": "#clay"},
				"south": {"uv": [10, 4, 11, 7.02], "texture": "#clay"},
				"west": {"uv": [0, 0, 1, 3.02], "texture": "#clay"},
				"up": {"uv": [10, 15, 11, 16], "texture": "#clay"},
				"down": {"uv": [10, 0, 11, 1], "texture": "#clay"}
			}
		},
		{
			"name": "shingle_up_small_W",
			"from": [14.99, 6.5, 13],
			"to": [15.99, 9.52, 14],
			"rotation": {"angle": -22.5, "axis": "x", "origin": [-8, 12, 18]},
			"faces": {
				"north": {"uv": [0, 0, 1, 3.02], "texture": "#clay"},
				"east": {"uv": [10, 4, 11, 7.02], "texture": "#clay"},
				"south": {"uv": [12.98, 15, 16, 16], "rotation": 270, "texture": "#clay"},
				"up": {"uv": [10, 0, 11, 1], "rotation": 90, "texture": "#clay"},
				"down": {"uv": [10, 15, 11, 16], "rotation": 90, "texture": "#clay"}
			}
		},
		{
			"name": "shingle_up_small_N",
			"from": [5, 6.5, -0.01],
			"to": [14, 9.52, 14.99],
			"rotation": {"angle": 22.5, "axis": "z", "origin": [18, 12, -8]},
			"faces": {
				"north": {"uv": [11, 4, 2, 7], "texture": "#clay"},
				"east": {"uv": [13, 1, 16, 16], "rotation": 270, "texture": "#clay"},
				"up": {"uv": [2, 0, 11, 15], "texture": "#clay"},
				"down": {"uv": [2, 1, 11, 16], "texture": "#clay"}
			}
		},
		{
			"name": "shingle_middle_W",
			"from": [-0.01, 4.05, 1.6667],
			"to": [8.99, 7.07, 6.6667],
			"rotation": {"angle": -22.5, "axis": "x", "origin": [-18, 6.6667, 12.6667]},
			"faces": {
				"east": {"uv": [0, 0, 5, 3.02], "texture": "#clay"},
				"west": {"uv": [4, 8, 9, 11.02], "texture": "#clay"},
				"up": {"uv": [4, 7, 9, 16], "rotation": 90, "texture": "#clay"},
				"down": {"uv": [9, 7, 4, 16], "rotation": 90, "texture": "#clay"}
			}
		},
		{
			"name": "shingle_middle_N",
			"from": [1.6667, 4.05, -0.01],
			"to": [6.6667, 7.07, 8.99],
			"rotation": {"angle": 22.5, "axis": "z", "origin": [12.6667, 6.6667, -18]},
			"faces": {
				"north": {"uv": [9, 8, 4, 11.02], "texture": "#clay"},
				"up": {"uv": [4, 0, 9, 9], "texture": "#clay"},
				"down": {"uv": [4, 0, 9, 9], "texture": "#clay"}
			}
		},
		{
			"name": "shingle_middle_small_W",
			"from": [-0.01, 6.07, -1.3333],
			"to": [2.99, 7.07, 1.6667],
			"rotation": {"angle": -22.5, "axis": "x", "origin": [-18, 6.6667, 12.6667]},
			"faces": {
				"west": {"uv": [1, 8, 4, 9], "texture": "#clay"},
				"up": {"uv": [1, 13, 4, 16], "rotation": 90, "texture": "#clay"}
			}
		},
		{
			"name": "shingle_middle_small_N",
			"from": [-1.3333, 6.07, -0.01],
			"to": [1.6667, 7.07, 2.99],
			"rotation": {"angle": 22.5, "axis": "z", "origin": [12.6667, 6.6667, -18]},
			"faces": {
				"north": {"uv": [4, 8, 1, 9], "texture": "#clay"},
				"up": {"uv": [1, 0, 4, 3], "texture": "#clay"}
			}
		},
		{
			"name": "timber_filler3",
			"from": [7, 2, 1],
			"to": [14, 4, 2],
			"rotation": {"angle": 0, "axis": "y", "origin": [8, 8, -18]},
			"faces": {
				"north": {"uv": [2, 12, 9, 14], "texture": "#planks"},
				"south": {"uv": [7, 12, 14, 14], "texture": "#planks"}
			}
		},
		{
			"name": "timber_filler4",
			"from": [10, 4, 1],
			"to": [14, 5, 2],
			"rotation": {"angle": 0, "axis": "y", "origin": [8, 8, -18]},
			"faces": {
				"north": {"uv": [2, 11, 6, 12], "texture": "#planks"},
				"south": {"uv": [10, 11, 14, 12], "texture": "#planks"}
			}
		},
		{
			"name": "timber_filler4",
			"from": [1, 2, 7],
			"to": [2, 4, 14],
			"rotation": {"angle": 0, "axis": "y", "origin": [8, 8, -18]},
			"faces": {
				"east": {"uv": [2, 12, 9, 14], "texture": "#planks"},
				"west": {"uv": [7, 12, 14, 14], "texture": "#planks"}
			}
		},
		{
			"name": "timber_filler5",
			"from": [1, 4, 10],
			"to": [2, 5, 14],
			"rotation": {"angle": 0, "axis": "y", "origin": [8, 8, -18]},
			"faces": {
				"east": {"uv": [2, 11, 6, 12], "texture": "#planks"},
				"west": {"uv": [10, 11, 14, 12], "texture": "#planks"}
			}
		},
		{
			"name": "shingle_up_SX",
			"from": [-4, 6.51, 5.05],
			"to": [0, 9.51, 13.93],
			"rotation": {"angle": -22.5, "axis": "x", "origin": [8, 12, 18]},
			"faces": {
				"east": {"uv": [2, 4, 11, 7], "texture": "#clay"},
				"south": {"uv": [13, 12, 16, 16], "rotation": 270, "texture": "#clay"},
				"west": {"uv": [2, 4, 11, 7], "texture": "#clay"},
				"up": {"uv": [2, 0, 11, 4], "rotation": 90, "texture": "#clay"},
				"down": {"uv": [11, 12, 2, 16], "rotation": 90, "texture": "#clay"}
			}
		},
		{
			"name": "shingle_middle_SX",
			"from": [-4, 4.06, -2.31],
			"to": [0, 7.06, 6.69],
			"rotation": {"angle": -22.5, "axis": "x", "origin": [8, 6.6667, 12.66667]},
			"faces": {
				"north": {"uv": [13, 0, 16, 4], "rotation": 270, "texture": "#clay"},
				"east": {"uv": [0, 8, 9, 11], "texture": "#clay"},
				"west": {"uv": [0, 8, 9, 11], "texture": "#clay"},
				"up": {"uv": [0, 0, 9, 4], "rotation": 90, "texture": "#clay"},
				"down": {"uv": [9, 12, 0, 16], "rotation": 90, "texture": "#clay"}
			}
		},
		{
			"name": "batten_up_SX",
			"from": [-4, 1.54, 12.75842],
			"to": [1, 2.515, 14.70842],
			"rotation": {"angle": -22.5, "axis": "x", "origin": [0.87302, 5.43024, 8.86]},
			"faces": {
				"north": {"uv": [16, 0, 11, 0.975], "texture": "#planks", "cullface": "west"},
				"south": {"uv": [5, 0, 0, 0.975], "texture": "#planks", "cullface": "west"},
				"west": {"uv": [1.95, 0, 0, 0.975], "texture": "#planks", "cullface": "west"},
				"down": {"uv": [5, 1, 0, 2.95], "texture": "#planks", "cullface": "west"}
			}
		},
		{
			"name": "batten_up_SX",
			"from": [-4, 1.54, 4.75842],
			"to": [0, 2.515, 6.70842],
			"rotation": {"angle": -22.5, "axis": "x", "origin": [0.87302, 5.43024, 8.86]},
			"faces": {
				"north": {"uv": [15, 0, 11, 0.975], "texture": "#planks", "cullface": "west"},
				"south": {"uv": [4, 0, 0, 0.975], "texture": "#planks", "cullface": "west"},
				"west": {"uv": [1.95, 0, 0, 0.975], "texture": "#planks", "cullface": "west"},
				"down": {"uv": [4, 1, 0, 2.95], "texture": "#planks", "cullface": "west"}
			}
		}
	],
	"display": {
		"thirdperson_righthand": {
			"rotation": [75, 45, 0],
			"translation": [0, 2.5, 0],
			"scale": [0.375, 0.375, 0.375]
		},
		"thirdperson_lefthand": {
			"rotation": [75, -135, 0],
			"translation": [0, 2.5, 0],
			"scale": [0.375, 0.375, 0.375]
		},
		"firstperson_righthand": {
			"rotation": [0, 45, 0],
			"scale": [0.4, 0.4, 0.4]
		},
		"firstperson_lefthand": {
			"rotation": [0, 225, 0],
			"scale": [0.4, 0.4, 0.4]
		},
		"gui": {
			"rotation": [30, 135, 0],
			"scale": [0.625, 0.625, 0.625]
		}
	}
}