{
	"credit": "Made with Blockbench",
	"ambientocclusion": false,
	"render_type": "cutout",
	"textures": {
		"particle": "block/clay",
		"clay": "block/clay",
		"planks": "block/oak_planks"
	},
	"elements": [
		{
			"name": "support_panel_D",
			"from": [0, 0, 0],
			"to": [16, 2, 16],
			"rotation": {"angle": 0, "axis": "y", "origin": [8, 0, 8]},
			"faces": {
				"north": {"uv": [0, 14, 16, 16], "texture": "#planks", "cullface": "north"},
				"east": {"uv": [0, 14, 16, 16], "texture": "#planks"},
				"south": {"uv": [0, 14, 16, 16], "texture": "#planks", "cullface": "south"},
				"west": {"uv": [0, 14, 16, 16], "texture": "#planks", "cullface": "west"},
				"up": {"uv": [0, 0, 16, 16], "texture": "#planks"},
				"down": {"uv": [0, 0, 16, 16], "texture": "#planks", "cullface": "down"}
			}
		},
		{
			"name": "support_panel_S",
			"from": [0, 2, 14],
			"to": [16, 14, 16],
			"rotation": {"angle": 0, "axis": "y", "origin": [8, 0, 8]},
			"faces": {
				"north": {"uv": [0, 2, 16, 14], "texture": "#planks"},
				"east": {"uv": [0, 2, 2, 14], "texture": "#planks"},
				"south": {"uv": [0, 2, 16, 14], "texture": "#planks", "cullface": "south"},
				"west": {"uv": [14, 2, 16, 14], "texture": "#planks", "cullface": "west"}
			}
		},
		{
			"name": "support_panel_S",
			"from": [0, 2, 0],
			"to": [2, 7, 2],
			"rotation": {"angle": 0, "axis": "y", "origin": [8, 0, 8]},
			"faces": {
				"north": {"uv": [14, 9, 16, 14], "texture": "#planks", "cullface": "north"},
				"east": {"uv": [14, 9, 16, 14], "texture": "#planks"},
				"south": {"uv": [0, 9, 2, 14], "texture": "#planks"},
				"west": {"uv": [0, 9, 2, 14], "texture": "#planks", "cullface": "west"},
				"up": {"uv": [0, 0, 2, 2], "texture": "#planks"}
			}
		},
		{
			"name": "support_panel_E",
			"from": [14, 2, 0],
			"to": [16, 14, 14],
			"rotation": {"angle": 0, "axis": "y", "origin": [8, 0, 8]},
			"faces": {
				"north": {"uv": [0, 2, 2, 14], "texture": "#planks", "cullface": "north"},
				"east": {"uv": [2, 2, 16, 14], "texture": "#planks"},
				"west": {"uv": [0, 2, 14, 14], "texture": "#planks"}
			}
		},
		{
			"name": "timber_brace_N",
			"from": [12.6802, -3.26599, 0.04802],
			"to": [14.6802, 6.73401, 15.87302],
			"rotation": {"angle": 45, "axis": "z", "origin": [8, 0, 8]},
			"faces": {
				"north": {"uv": [2, 14, 0, 4], "texture": "#planks", "cullface": "north"},
				"east": {"uv": [0.175, 14, 16, 4], "texture": "#planks"},
				"west": {"uv": [0.175, 14, 16, 4], "texture": "#planks"}
			}
		},
		{
			"name": "timber_brace_W",
			"from": [0.04802, -3.1776, 12.59181],
			"to": [15.97302, 6.8224, 14.59181],
			"rotation": {"angle": -45, "axis": "x", "origin": [8, 0, 8]},
			"faces": {
				"north": {"uv": [0, 4, 15.925, 14], "rotation": 180, "texture": "#planks"},
				"south": {"uv": [0, 4, 15.925, 14], "rotation": 180, "texture": "#planks"},
				"west": {"uv": [0, 4, 2, 14], "rotation": 180, "texture": "#planks", "cullface": "west"}
			}
		},
		{
			"name": "shingle_up_W",
			"from": [-0.01, 12.63, 8],
			"to": [14.99, 15.65, 17],
			"rotation": {"angle": -22.5, "axis": "x", "origin": [-18, 12, 18]},
			"faces": {
				"south": {"uv": [13, 0, 16, 15], "rotation": 270, "texture": "#clay"},
				"west": {"uv": [0, 0, 9, 3], "texture": "#clay"},
				"up": {"uv": [2, 1, 11, 16], "rotation": 90, "texture": "#clay"},
				"down": {"uv": [11, 0, 2, 15], "rotation": 90, "texture": "#clay"}
			}
		},
		{
			"name": "shingle_up_N",
			"from": [8, 12.63, -0.01],
			"to": [17, 15.65, 14.99],
			"rotation": {"angle": 22.5, "axis": "z", "origin": [18, 12, -18]},
			"faces": {
				"north": {"uv": [0, 0, 9, 3], "texture": "#clay"},
				"east": {"uv": [13, 1, 16, 16], "rotation": 270, "texture": "#clay"},
				"up": {"uv": [2, 0, 11, 15], "texture": "#clay"},
				"down": {"uv": [2, 1, 11, 16], "texture": "#clay"}
			}
		},
		{
			"name": "shingle_small_up_W",
			"from": [14.99, 12.63, 16],
			"to": [15.99, 15.65, 17],
			"rotation": {"angle": -22.5, "axis": "x", "origin": [-18, 12, 18]},
			"faces": {
				"east": {"uv": [10, 4, 11, 7.02], "texture": "#clay"},
				"south": {"uv": [12.98, 15, 16, 16], "rotation": 270, "texture": "#clay"},
				"up": {"uv": [10, 0, 11, 1], "rotation": 90, "texture": "#clay"},
				"down": {"uv": [11, 15, 10, 16], "rotation": 90, "texture": "#clay"}
			}
		},
		{
			"name": "shingle_small_up_N",
			"from": [16, 12.63, 14.99],
			"to": [17, 15.65, 15.99],
			"rotation": {"angle": 22.5, "axis": "z", "origin": [18, 12, -18]},
			"faces": {
				"east": {"uv": [12.98, 0, 16, 1], "rotation": 270, "texture": "#clay"},
				"south": {"uv": [10, 4, 11, 7.02], "texture": "#clay"},
				"up": {"uv": [10, 15, 11, 16], "texture": "#clay"},
				"down": {"uv": [10, 0, 11, 1], "texture": "#clay"}
			}
		},
		{
			"name": "shingle_middle_W",
			"from": [-0.01, 10.18, 2.64],
			"to": [7.99, 13.2, 9.64],
			"rotation": {"angle": -22.5, "axis": "x", "origin": [-18, 6.6667, 12.6667]},
			"faces": {
				"north": {"uv": [8, 0, 16, 3.02], "texture": "#clay"},
				"west": {"uv": [0, 0, 6.75, 3.02], "texture": "#clay"},
				"up": {"uv": [2, 8, 8.75, 16], "rotation": 90, "texture": "#clay"},
				"down": {"uv": [8.75, 8, 2, 16], "rotation": 90, "texture": "#clay"}
			}
		},
		{
			"name": "shingle_middle_W",
			"from": [-0.01, 10.18, 1.64],
			"to": [0.99, 13.2, 2.64],
			"rotation": {"angle": -22.5, "axis": "x", "origin": [-18, 6.6667, 12.6667]},
			"faces": {
				"west": {"uv": [0, 0, 1, 3.02], "texture": "#clay"},
				"up": {"uv": [1, 15, 2, 16], "rotation": 90, "texture": "#clay"},
				"down": {"uv": [2, 15, 1, 16], "rotation": 90, "texture": "#clay"}
			}
		},
		{
			"name": "shingle_middle_N",
			"from": [2.64, 10.18, -0.01],
			"to": [9.64, 13.2, 7.99],
			"rotation": {"angle": 22.5, "axis": "z", "origin": [12.6667, 6.6667, -18]},
			"faces": {
				"north": {"uv": [0, 0, 6.75, 3.02], "texture": "#clay"},
				"west": {"uv": [0, 0, 8, 3.02], "texture": "#clay"},
				"up": {"uv": [2, 0, 8.75, 8], "texture": "#clay"},
				"down": {"uv": [2, 0, 8.75, 8], "texture": "#clay"}
			}
		},
		{
			"name": "shingle_middle_N",
			"from": [1.64, 10.18, -0.01],
			"to": [2.64, 13.2, 0.99],
			"rotation": {"angle": 22.5, "axis": "z", "origin": [12.6667, 6.6667, -18]},
			"faces": {
				"north": {"uv": [0, 0, 1, 3.02], "texture": "#clay"},
				"up": {"uv": [1, 0, 2, 1], "texture": "#clay"},
				"down": {"uv": [1, 0, 2, 1], "texture": "#clay"}
			}
		},
		{
			"name": "timber_filler2",
			"from": [1, 2, 1],
			"to": [15, 8, 15],
			"rotation": {"angle": 0, "axis": "y", "origin": [8, 8, -18]},
			"faces": {
				"north": {"uv": [1, 8, 15, 14], "texture": "#planks"},
				"west": {"uv": [1, 8, 15, 14], "texture": "#planks"}
			}
		},
		{
			"name": "timber_filler3",
			"from": [8, 8, 1],
			"to": [14, 11, 2],
			"rotation": {"angle": 0, "axis": "y", "origin": [8, 8, -18]},
			"faces": {
				"north": {"uv": [2, 5, 8, 8], "texture": "#planks"}
			}
		},
		{
			"name": "timber_filler4",
			"from": [1, 8, 8],
			"to": [2, 11, 14],
			"rotation": {"angle": 0, "axis": "y", "origin": [8, 8, -18]},
			"faces": {
				"west": {"uv": [8, 5, 14, 8], "texture": "#planks"}
			}
		},
		{
			"name": "shingle_up_NX",
			"from": [8.08, 12.63, -4],
			"to": [16.98, 15.63, 0],
			"rotation": {"angle": 22.5, "axis": "z", "origin": [18, 12, -12]},
			"faces": {
				"north": {"uv": [11, 4, 2, 7], "texture": "#clay"},
				"east": {"uv": [13, 12, 16, 16], "rotation": 270, "texture": "#clay"},
				"south": {"uv": [0, 2, 3, 11], "rotation": 270, "texture": "#clay"},
				"up": {"uv": [2, 12, 11, 16], "texture": "#clay"},
				"down": {"uv": [2, 12, 11, 16], "texture": "#clay"}
			}
		},
		{
			"name": "shingle_middle_NX",
			"from": [0.8, 10.18, -4],
			"to": [9.73, 13.18, 0],
			"rotation": {"angle": 22.5, "axis": "z", "origin": [12.66667, 6.6667, -12]},
			"faces": {
				"north": {"uv": [9, 8, 0, 11], "texture": "#clay"},
				"south": {"uv": [0, 7, 3, 16], "rotation": 90, "texture": "#clay"},
				"west": {"uv": [13, 12, 16, 16], "rotation": 270, "texture": "#clay"},
				"up": {"uv": [0, 12, 9, 16], "texture": "#clay"},
				"down": {"uv": [0, 12, 9, 16], "texture": "#clay"}
			}
		},
		{
			"name": "batten_up_NX",
			"from": [14.75842, 7.65, -4],
			"to": [16.70842, 8.625, 1],
			"rotation": {"angle": 22.5, "axis": "z", "origin": [8.86, 5.43024, 15.12698]},
			"faces": {
				"north": {"uv": [1.95, 0, 0, 0.975], "texture": "#planks", "cullface": "north"},
				"east": {"uv": [5, 0, 0, 0.975], "texture": "#planks", "cullface": "north"},
				"west": {"uv": [16, 0, 11, 0.975], "texture": "#planks", "cullface": "north"},
				"down": {"uv": [5, 1, 0, 2.95], "rotation": 90, "texture": "#planks", "cullface": "north"}
			}
		},
		{
			"name": "batten_middle_NX",
			"from": [5.7901, 7.65, -4],
			"to": [7.7401, 8.625, 1],
			"rotation": {"angle": 22.5, "axis": "z", "origin": [8.86, 5.43024, 15.12698]},
			"faces": {
				"north": {"uv": [1.95, 0, 0, 0.975], "texture": "#planks", "cullface": "north"},
				"east": {"uv": [5, 4, 0, 4.975], "texture": "#planks", "cullface": "north"},
				"west": {"uv": [16, 0, 11, 0.975], "texture": "#planks", "cullface": "north"},
				"down": {"uv": [5, 5, 0, 6.95], "rotation": 90, "texture": "#planks", "cullface": "north"}
			}
		},
		{
			"name": "batten_up_SX",
			"from": [-4, 7.65, 14.75842],
			"to": [1, 8.625, 16.70842],
			"rotation": {"angle": -22.5, "axis": "x", "origin": [0.87302, 5.43024, 8.86]},
			"faces": {
				"north": {"uv": [16, 0, 11, 0.975], "texture": "#planks", "cullface": "west"},
				"south": {"uv": [5, 0, 0, 0.975], "texture": "#planks", "cullface": "west"},
				"west": {"uv": [1.95, 0, 0, 0.975], "texture": "#planks", "cullface": "west"},
				"down": {"uv": [5, 1, 0, 2.95], "texture": "#planks", "cullface": "west"}
			}
		},
		{
			"name": "batten_middle_SX",
			"from": [-4, 7.65, 5.7901],
			"to": [1, 8.625, 7.7401],
			"rotation": {"angle": -22.5, "axis": "x", "origin": [0.87302, 5.43024, 8.86]},
			"faces": {
				"north": {"uv": [16, 0, 11, 0.975], "texture": "#planks", "cullface": "west"},
				"south": {"uv": [5, 4, 0, 4.975], "texture": "#planks", "cullface": "west"},
				"west": {"uv": [1.95, 0, 0, 0.975], "texture": "#planks", "cullface": "west"},
				"down": {"uv": [5, 5, 0, 6.95], "texture": "#planks", "cullface": "west"}
			}
		},
		{
			"name": "shingle_up_SX",
			"from": [-4, 12.63, 8.08],
			"to": [0, 15.63, 16.98],
			"rotation": {"angle": -22.5, "axis": "x", "origin": [8, 12, 18]},
			"faces": {
				"east": {"uv": [13, 2, 16, 11], "rotation": 90, "texture": "#clay"},
				"south": {"uv": [13, 0, 16, 4], "rotation": 270, "texture": "#clay"},
				"west": {"uv": [2, 4, 11, 7], "texture": "#clay"},
				"up": {"uv": [2, 0, 11, 4], "rotation": 90, "texture": "#clay"},
				"down": {"uv": [11, 0, 2, 4], "rotation": 90, "texture": "#clay"}
			}
		},
		{
			"name": "shingle_middle_SX",
			"from": [-4, 10.18, 0.8],
			"to": [0, 13.18, 9.73],
			"rotation": {"angle": -22.5, "axis": "x", "origin": [8, 6.6667, 12.66667]},
			"faces": {
				"north": {"uv": [13, 0, 16, 4], "rotation": 270, "texture": "#clay"},
				"east": {"uv": [13, 7, 16, 16], "rotation": 90, "texture": "#clay"},
				"west": {"uv": [0, 8, 9, 11], "texture": "#clay"},
				"up": {"uv": [0, 0, 9, 4], "rotation": 90, "texture": "#clay"},
				"down": {"uv": [9, 0, 0, 4], "rotation": 90, "texture": "#clay"}
			}
		}
	],
	"display": {
		"thirdperson_righthand": {
			"rotation": [75, 45, 0],
			"translation": [0, 2.5, 0],
			"scale": [0.375, 0.375, 0.375]
		},
		"thirdperson_lefthand": {
			"rotation": [75, -135, 0],
			"translation": [0, 2.5, 0],
			"scale": [0.375, 0.375, 0.375]
		},
		"firstperson_righthand": {
			"rotation": [0, 45, 0],
			"scale": [0.4, 0.4, 0.4]
		},
		"firstperson_lefthand": {
			"rotation": [0, 225, 0],
			"scale": [0.4, 0.4, 0.4]
		},
		"gui": {
			"rotation": [30, 135, 0],
			"scale": [0.625, 0.625, 0.625]
		}
	}
}