{
	"credit": "Made with Blockbench",
	"ambientocclusion": false,
	"render_type": "cutout",
	"textures": {
		"particle": "block/clay",
		"clay": "block/clay",
		"planks": "block/oak_planks"
	},
	"elements": [
		{
			"name": "support_panel",
			"from": [0, 0, 0],
			"to": [16, 2, 16],
			"rotation": {"angle": 0, "axis": "y", "origin": [0.86, 5.43024, 8.95198]},
			"faces": {
				"north": {"uv": [0, 14, 16, 16], "texture": "#planks", "cullface": "north"},
				"east": {"uv": [0, 14, 16, 16], "texture": "#planks", "cullface": "east"},
				"south": {"uv": [0, 14, 16, 16], "texture": "#planks", "cullface": "south"},
				"west": {"uv": [0, 14, 16, 16], "texture": "#planks", "cullface": "west"},
				"up": {"uv": [0, 0, 16, 16], "texture": "#planks"},
				"down": {"uv": [0, 0, 16, 16], "texture": "#planks", "cullface": "down"}
			}
		},
		{
			"name": "timber_stud_SE",
			"from": [14, 2, 14],
			"to": [16, 13, 16],
			"faces": {
				"north": {"uv": [0, 3, 2, 14], "texture": "#planks"},
				"east": {"uv": [0, 3, 2, 14], "texture": "#planks", "cullface": "east"},
				"south": {"uv": [14, 3, 16, 14], "texture": "#planks", "cullface": "south"},
				"west": {"uv": [14, 3, 16, 14], "texture": "#planks"}
			}
		},
		{
			"name": "timber_brace_E",
			"from": [14.99, 2, 14],
			"to": [15.99, 13, 16],
			"rotation": {"angle": -45, "axis": "x", "origin": [15, 1, 15]},
			"faces": {
				"north": {"uv": [0, 0, 1, 11], "texture": "#planks"},
				"east": {"uv": [0, 0, 2, 11], "texture": "#planks", "cullface": "east"},
				"south": {"uv": [0, 0, 1, 11], "texture": "#planks"}
			}
		},
		{
			"name": "timber_rafter_S",
			"from": [0, 2, 0],
			"to": [2, 7, 16],
			"faces": {
				"north": {"uv": [14, 9, 16, 14], "texture": "#planks", "cullface": "north"},
				"east": {"uv": [0, 9, 16, 14], "texture": "#planks"},
				"south": {"uv": [2, 9, 0, 14], "texture": "#planks", "cullface": "south"},
				"west": {"uv": [0, 9, 16, 14], "texture": "#planks", "cullface": "west"},
				"up": {"uv": [0, 0, 2, 16], "texture": "#planks"},
				"down": {"uv": [0, 0, 2, 16], "texture": "#planks"}
			}
		},
		{
			"name": "timber_rafter_E",
			"from": [2, 2, 0],
			"to": [16, 7, 2],
			"rotation": {"angle": 0, "axis": "x", "origin": [0, 0, 16]},
			"faces": {
				"north": {"uv": [0, 9, 14, 14], "texture": "#planks", "cullface": "north"},
				"east": {"uv": [14, 9, 16, 14], "texture": "#planks", "cullface": "east"},
				"south": {"uv": [2, 9, 16, 14], "texture": "#planks"}
			}
		},
		{
			"name": "timber_brace_S",
			"from": [9.00394, -0.97901, 14.97698],
			"to": [11.00394, 10.02099, 15.97698],
			"rotation": {"angle": 45, "axis": "z", "origin": [8.86, 5.43024, 15.12698]},
			"faces": {
				"east": {"uv": [0, 0, 1, 11], "texture": "#planks"},
				"south": {"uv": [0, 0, 2, 11], "texture": "#planks", "cullface": "south"},
				"west": {"uv": [0, 0, 1, 11], "texture": "#planks"}
			}
		},
		{
			"name": "timber_filler1",
			"from": [2, 2, 2],
			"to": [15, 8, 15],
			"faces": {
				"east": {"uv": [1, 8, 14, 14], "texture": "#planks"},
				"south": {"uv": [2, 8, 15, 14], "texture": "#planks"}
			}
		},
		{
			"name": "timber_filler4",
			"from": [4, 8, 4],
			"to": [15, 10, 15],
			"faces": {
				"east": {"uv": [1, 6, 12, 8], "texture": "#planks"},
				"south": {"uv": [4, 6, 15, 8], "texture": "#planks"}
			}
		},
		{
			"name": "timber_filler5",
			"from": [9, 10, 9],
			"to": [15, 12, 15],
			"faces": {
				"east": {"uv": [2, 4, 8, 6], "texture": "#planks"},
				"south": {"uv": [8, 4, 14, 6], "texture": "#planks"}
			}
		},
		{
			"name": "shingle_up_N1",
			"from": [13, 12.63, 8.05],
			"to": [16.01, 15.65, 16.05],
			"rotation": {"angle": -22.5, "axis": "x", "origin": [8, 12, 18]},
			"faces": {
				"east": {"uv": [10, 4, 2, 7.02], "texture": "#clay"},
				"up": {"uv": [2, 0, 10, 3.01], "rotation": 90, "texture": "#clay"},
				"down": {"uv": [2, 0, 10, 3.01], "rotation": 90, "texture": "#clay"}
			}
		},
		{
			"name": "shingle_up_N2",
			"from": [8, 12.63, 8.05],
			"to": [13, 15.65, 11.05],
			"rotation": {"angle": -22.5, "axis": "x", "origin": [8, 12, 18]},
			"faces": {
				"up": {"uv": [2, 3, 5, 8], "rotation": 90, "texture": "#clay"},
				"down": {"uv": [2, 3, 5, 8], "rotation": 90, "texture": "#clay"}
			}
		},
		{
			"name": "shingle_up_W1",
			"from": [8, 12.63, 13],
			"to": [16, 15.65, 16.01],
			"rotation": {"angle": 22.5, "axis": "z", "origin": [18, 12, 8]},
			"faces": {
				"south": {"uv": [0, 4, 8, 7.02], "texture": "#clay"},
				"up": {"uv": [2, 12.99, 10, 16], "texture": "#clay"},
				"down": {"uv": [2, 12.99, 10, 16], "texture": "#clay"}
			}
		},
		{
			"name": "shingle_up_W2",
			"from": [8, 12.63, 8],
			"to": [11, 15.65, 13],
			"rotation": {"angle": 22.5, "axis": "z", "origin": [18, 12, 8]},
			"faces": {
				"up": {"uv": [2, 8, 5, 13], "texture": "#clay"},
				"down": {"uv": [2, 8, 5, 13], "texture": "#clay"}
			}
		},
		{
			"name": "shingle_middle_N1",
			"from": [7, 10.18, 0.64],
			"to": [16.01, 13.2, 9.69],
			"rotation": {"angle": -22.5, "axis": "x", "origin": [8, 6.6667, 12.66667]},
			"faces": {
				"north": {"uv": [13.11, 0, 16, 9], "rotation": 270, "texture": "#clay"},
				"east": {"uv": [9, 8, 0, 11], "texture": "#clay"},
				"up": {"uv": [0, 0, 9, 9.01], "rotation": 90, "texture": "#clay"},
				"down": {"uv": [0, 0, 9, 9.01], "rotation": 90, "texture": "#clay"}
			}
		},
		{
			"name": "shingle_middle_N2",
			"from": [2, 10.18, 0.64],
			"to": [7, 13.2, 6.34],
			"rotation": {"angle": -22.5, "axis": "x", "origin": [8, 6.6667, 12.66667]},
			"faces": {
				"north": {"uv": [12.98, 9, 16, 14], "rotation": 270, "texture": "#clay"},
				"west": {"uv": [0, 8, 5.7, 11.02], "texture": "#clay"},
				"up": {"uv": [0, 9, 5.7, 14], "rotation": 90, "texture": "#clay"},
				"down": {"uv": [0.6, 9, 6.3, 14], "rotation": 90, "texture": "#clay"}
			}
		},
		{
			"name": "shingle_middle_N3",
			"from": [0.01, 10.18, 0.64],
			"to": [2, 13.2, 2.64],
			"rotation": {"angle": -22.5, "axis": "x", "origin": [8, 6.6667, 12.66667]},
			"faces": {
				"north": {"uv": [12.98, 14, 16, 16], "rotation": 270, "texture": "#clay"},
				"west": {"uv": [0, 8, 2, 11.02], "texture": "#clay"},
				"up": {"uv": [0, 14, 2, 16], "rotation": 90, "texture": "#clay"},
				"down": {"uv": [0.6, 9, 2.6, 11], "rotation": 90, "texture": "#clay"}
			}
		},
		{
			"name": "shingle_middle_W1",
			"from": [0.64, 10.18, 7],
			"to": [9.64, 13.2, 16.01],
			"rotation": {"angle": 22.5, "axis": "z", "origin": [12.66667, 6.6667, 8]},
			"faces": {
				"north": {"uv": [13, 7, 16, 16], "rotation": 90, "texture": "#clay"},
				"south": {"uv": [0, 8, 9, 11], "texture": "#clay"},
				"west": {"uv": [13.11, 7, 16, 16], "rotation": 270, "texture": "#clay"},
				"up": {"uv": [0, 6.99, 9, 16], "texture": "#clay"},
				"down": {"uv": [0, 6.99, 9, 16], "texture": "#clay"}
			}
		},
		{
			"name": "shingle_middle_W2",
			"from": [0.64, 10.18, 2],
			"to": [6.34, 13.2, 7],
			"rotation": {"angle": 22.5, "axis": "z", "origin": [12.66667, 6.6667, 8]},
			"faces": {
				"north": {"uv": [5.7, 8, 0, 11.02], "texture": "#clay"},
				"west": {"uv": [12.98, 2, 16, 7], "rotation": 270, "texture": "#clay"},
				"up": {"uv": [0, 2, 5.7, 7], "texture": "#clay"},
				"down": {"uv": [0, 2, 5.7, 7], "texture": "#clay"}
			}
		},
		{
			"name": "shingle_middle_W3",
			"from": [0.64, 10.18, 0.01],
			"to": [2.64, 13.2, 2],
			"rotation": {"angle": 22.5, "axis": "z", "origin": [12.66667, 6.6667, 8]},
			"faces": {
				"north": {"uv": [2, 8, 0, 11.02], "texture": "#clay"},
				"west": {"uv": [12.98, 0, 16, 2], "rotation": 270, "texture": "#clay"},
				"up": {"uv": [0, 0, 2, 2], "texture": "#clay"},
				"down": {"uv": [0, 2, 2, 4], "texture": "#clay"}
			}
		},
		{
			"name": "shingle_hip_top",
			"from": [-1.1, 11.8, 7.9],
			"to": [10.9, 15.8, 11.9],
			"rotation": {"angle": -45, "axis": "y", "origin": [7.4, 10.75, 15.9]},
			"faces": {
				"north": {"uv": [0, 4, 12, 8], "rotation": 180, "texture": "#clay"},
				"south": {"uv": [0, 4, 12, 8], "texture": "#clay"},
				"west": {"uv": [12, 4, 16, 8], "rotation": 270, "texture": "#clay"},
				"up": {"uv": [0, 4, 12, 8], "texture": "#clay"}
			}
		},
		{
			"name": "shingle_hip_middle",
			"from": [-8.1, 7.8, 3],
			"to": [5.9, 11.8, 7],
			"rotation": {"angle": -45, "axis": "y", "origin": [2.5, 5.75, 11]},
			"faces": {
				"north": {"uv": [0, 8, 14, 12], "rotation": 180, "texture": "#clay"},
				"south": {"uv": [0, 8, 14, 12], "texture": "#clay"},
				"west": {"uv": [12, 8, 16, 12], "rotation": 270, "texture": "#clay"},
				"up": {"uv": [0, 8, 14, 12], "texture": "#clay"},
				"down": {"uv": [0, 8, 12, 12], "texture": "#clay"}
			}
		},
		{
			"name": "top ending_NE",
			"from": [14, 13.8, 11.9],
			"to": [16.1, 16.8, 14],
			"rotation": {"angle": 0, "axis": "y", "origin": [8, 8.25, 8]},
			"faces": {
				"north": {"uv": [0, 0, 2, 3], "texture": "#clay"},
				"east": {"uv": [14, 0, 16, 3], "texture": "#clay"},
				"south": {"uv": [12, 0, 14, 3], "texture": "#clay"},
				"west": {"uv": [12, 0, 14, 3], "texture": "#clay"},
				"up": {"uv": [0, 14, 2, 16], "rotation": 180, "texture": "#clay"}
			}
		},
		{
			"name": "top ending_NW",
			"from": [11.9, 13.8, 11.9],
			"to": [14, 16.8, 14],
			"rotation": {"angle": 0, "axis": "y", "origin": [8, 8.25, 8]},
			"faces": {
				"north": {"uv": [14, 0, 16, 3], "texture": "#clay"},
				"east": {"uv": [2, 0, 0, 3], "texture": "#clay"},
				"south": {"uv": [12, 0, 14, 3], "texture": "#clay"},
				"west": {"uv": [0, 0, 2, 3], "texture": "#clay"},
				"up": {"uv": [14, 14, 16, 16], "rotation": 180, "texture": "#clay"}
			}
		},
		{
			"name": "top ending_SE",
			"from": [14, 13.8, 14],
			"to": [16.1, 16.8, 16.1],
			"rotation": {"angle": 0, "axis": "y", "origin": [8, 8.25, 8]},
			"faces": {
				"north": {"uv": [0, 0, 3, 2], "rotation": 270, "texture": "#clay"},
				"east": {"uv": [0, 0, 2, 3], "texture": "#clay"},
				"south": {"uv": [14, 0, 16, 3], "texture": "#clay"},
				"west": {"uv": [12, 0, 14, 3], "texture": "#clay"},
				"up": {"uv": [0, 0, 2, 2], "rotation": 180, "texture": "#clay"}
			}
		},
		{
			"name": "top ending_SW",
			"from": [11.9, 13.8, 14],
			"to": [14, 16.8, 16.1],
			"rotation": {"angle": 0, "axis": "y", "origin": [8, 8.25, 8]},
			"faces": {
				"north": {"uv": [0, 0, 3, 2], "rotation": 270, "texture": "#clay"},
				"east": {"uv": [2, 0, 0, 3], "texture": "#clay"},
				"south": {"uv": [0, 0, 2, 3], "texture": "#clay"},
				"west": {"uv": [14, 0, 16, 3], "texture": "#clay"},
				"up": {"uv": [14, 0, 16, 2], "rotation": 180, "texture": "#clay"}
			}
		},
		{
			"name": "shingle_up_NX",
			"from": [16, 12.63, 8.05],
			"to": [20, 15.63, 16.95],
			"rotation": {"angle": -22.5, "axis": "x", "origin": [28, 12, 18]},
			"faces": {
				"north": {"uv": [12, 0, 16, 3], "texture": "#clay"},
				"east": {"uv": [11, 4, 2, 7], "texture": "#clay"},
				"south": {"uv": [13, 0, 16, 4], "rotation": 270, "texture": "#clay"},
				"west": {"uv": [11, 4, 2, 7], "texture": "#clay"},
				"up": {"uv": [2, 12, 11, 16], "rotation": 90, "texture": "#clay"},
				"down": {"uv": [2, 12, 11, 16], "rotation": 90, "texture": "#clay"}
			}
		},
		{
			"name": "batten_middle_NX",
			"from": [15, 7.65, 5.7901],
			"to": [20, 8.625, 7.7401],
			"rotation": {"angle": -22.5, "axis": "x", "origin": [0.87302, 5.43024, 8.86]},
			"faces": {
				"north": {"uv": [16, 0, 11, 0.975], "texture": "#planks", "cullface": "east"},
				"east": {"uv": [1.95, 0, 0, 0.975], "texture": "#planks", "cullface": "east"},
				"south": {"uv": [5, 4, 0, 4.975], "texture": "#planks", "cullface": "east"},
				"down": {"uv": [5, 5, 0, 6.95], "texture": "#planks", "cullface": "east"}
			}
		},
		{
			"name": "batten_up_NX",
			"from": [15, 7.65, 14.75842],
			"to": [20, 8.625, 16.70842],
			"rotation": {"angle": -22.5, "axis": "x", "origin": [0.87302, 5.43024, 8.86]},
			"faces": {
				"north": {"uv": [16, 0, 11, 0.975], "texture": "#planks", "cullface": "east"},
				"east": {"uv": [1.95, 0, 0, 0.975], "texture": "#planks", "cullface": "east"},
				"south": {"uv": [5, 0, 0, 0.975], "texture": "#planks", "cullface": "east"},
				"down": {"uv": [5, 1, 0, 2.95], "texture": "#planks", "cullface": "east"}
			}
		},
		{
			"name": "shingle_middle_NX",
			"from": [16, 10.18, 0.74],
			"to": [20, 13.18, 9.69],
			"rotation": {"angle": -22.5, "axis": "x", "origin": [28, 6.6667, 12.66667]},
			"faces": {
				"north": {"uv": [13, 12, 16, 16], "rotation": 270, "texture": "#clay"},
				"east": {"uv": [9, 8, 0, 11], "texture": "#clay"},
				"west": {"uv": [9, 8, 0, 11], "texture": "#clay"},
				"up": {"uv": [0, 12, 9, 16], "rotation": 90, "texture": "#clay"},
				"down": {"uv": [0, 12, 9, 16], "rotation": 90, "texture": "#clay"}
			}
		},
		{
			"name": "shingle_middle_SX",
			"from": [0.74, 10.18, 16],
			"to": [9.67, 13.18, 20],
			"rotation": {"angle": 22.5, "axis": "z", "origin": [12.66667, 6.6667, 8]},
			"faces": {
				"north": {"uv": [0, 8, 9, 11], "texture": "#clay"},
				"south": {"uv": [0, 8, 9, 11], "texture": "#clay"},
				"west": {"uv": [13, 0, 16, 4], "rotation": 270, "texture": "#clay"},
				"up": {"uv": [0, 0, 9, 4], "texture": "#clay"},
				"down": {"uv": [0, 0, 9, 4], "texture": "#clay"}
			}
		},
		{
			"name": "shingle_up_SX",
			"from": [8.03, 12.63, 16],
			"to": [16.93, 15.63, 20],
			"rotation": {"angle": 22.5, "axis": "z", "origin": [18, 12, 8]},
			"faces": {
				"north": {"uv": [0, 4, 9, 7], "texture": "#clay"},
				"east": {"uv": [13, 12, 16, 16], "rotation": 270, "texture": "#clay"},
				"south": {"uv": [2, 4, 11, 7], "texture": "#clay"},
				"up": {"uv": [2, 0, 11, 4], "texture": "#clay"},
				"down": {"uv": [2, 0, 11, 4], "texture": "#clay"}
			}
		},
		{
			"name": "batten_middle_SX",
			"from": [5.7901, 7.65, 15],
			"to": [7.7401, 8.625, 20],
			"rotation": {"angle": 22.5, "axis": "z", "origin": [8.86, 5.43024, 15.12698]},
			"faces": {
				"east": {"uv": [5, 4, 0, 4.975], "texture": "#planks", "cullface": "south"},
				"south": {"uv": [1.95, 0, 0, 0.975], "texture": "#planks", "cullface": "south"},
				"west": {"uv": [16, 0, 11, 0.975], "texture": "#planks", "cullface": "south"},
				"down": {"uv": [5, 5, 0, 6.95], "rotation": 90, "texture": "#planks", "cullface": "south"}
			}
		},
		{
			"name": "batten_up_SX",
			"from": [14.75842, 7.65, 15],
			"to": [16.70842, 8.625, 20],
			"rotation": {"angle": 22.5, "axis": "z", "origin": [8.86, 5.43024, 15.12698]},
			"faces": {
				"east": {"uv": [5, 0, 0, 0.975], "texture": "#planks", "cullface": "south"},
				"south": {"uv": [1.95, 0, 0, 0.975], "texture": "#planks", "cullface": "south"},
				"west": {"uv": [16, 0, 11, 0.975], "texture": "#planks", "cullface": "south"},
				"down": {"uv": [5, 1, 0, 2.95], "rotation": 90, "texture": "#planks", "cullface": "south"}
			}
		}
	],
	"display": {
		"thirdperson_righthand": {
			"rotation": [75, -135, 0],
			"translation": [0, 2.5, 2.5],
			"scale": [0.375, 0.375, 0.375]
		},
		"thirdperson_lefthand": {
			"rotation": [75, -135, 0],
			"translation": [0, 2.5, 2.5],
			"scale": [0.375, 0.375, 0.375]
		},
		"firstperson_righthand": {
			"rotation": [0, 135, 0],
			"translation": [0, 4, 0],
			"scale": [0.4, 0.4, 0.4]
		},
		"firstperson_lefthand": {
			"rotation": [0, -45, 0],
			"translation": [0, 4, 0],
			"scale": [0.4, 0.4, 0.4]
		},
		"ground": {
			"translation": [0, 3, 0],
			"scale": [0.25, 0.25, 0.25]
		},
		"gui": {
			"rotation": [30, 145, 0],
			"translation": [0, 1.5, 0],
			"scale": [0.54, 0.54, 0.54]
		},
		"head": {
			"rotation": [0, -90, 0]
		},
		"fixed": {
			"scale": [0.5, 0.5, 0.5]
		}
	},
	"groups": [
		{
			"name": "flat_convex_spec",
			"origin": [8, 8, 8],
			"color": 0,
			"nbt": "{}",
			"children": [0, 1, 2, 3, 4, 5, 6, 7, 8, 9, 10, 11, 12, 13, 14, 15, 16, 17, 18, 19, 20, 21, 22, 23, 24, 25, 26, 27, 28, 29, 30, 31, 32]
		}
	]
}